StaffID,GivenName,LastName,Email,WorkPhone,PersonalPhone,Address,Postcode,CityID
1,Bealle,Le Friec,blefriec0@lycos.com,988-935-2320,262-233-1264,754 Eagan Circle,8432,196
2,Barthel,Torrese,btorrese1@gravatar.com,584-238-8594,845-718-1989,75107 Bartillon Hill,623287,9
3,Luciana,Goulbourn,lgoulbourn2@360.cn,148-852-2771,638-885-7426,4 Bluejay Avenue,8432,59
4,Rosemaria,Janak,rjanak3@nasa.gov,691-172-5206,148-632-9979,3473 Hagan Center,8432,192
5,Aveline,Long,along4@tiny.cc,180-288-2784,960-202-1477,70367 Towne Way,8432,154
6,Patty,Blaszczynski,pblaszczynski5@cam.ac.uk,513-277-5829,931-945-0148,67 Ridgeview Avenue,8432,118
7,Ddene,Goggins,dgoggins6@domainmarket.com,672-264-1445,374-496-0519,0630 Loeprich Road,5513,69
8,Codi,Everex,ceverex7@bizjournals.com,399-339-7488,181-872-6196,60763 Susan Point,8432,34
9,Abigail,Attwool,aattwool8@mediafire.com,169-391-5414,978-364-7772,9942 Almo Hill,8432,25
10,Kimberly,Delafont,kdelafont9@hud.gov,834-793-5204,992-240-7300,76 Bay Pass,5401,25
11,Jase,Bellenger,jbellengera@chron.com,147-642-7950,735-546-2229,6234 Oxford Hill,692815,152
12,Dorri,Cearley,dcearleyb@paginegialle.it,359-916-3257,919-649-6173,2 Sage Park,11500-000,91
13,Jolee,Bygott,jbygottc@umn.edu,123-704-9612,697-752-1229,4289 Crowley Trail,8432,58
14,Agace,Etridge,aetridged@latimes.com,866-472-4522,253-902-0923,5216 Anzinger Avenue,8432,169
15,Locke,Ghest,lgheste@seattletimes.com,663-894-0205,971-677-2323,25 Morrow Junction,8432,146
16,Marlee,Brummitt,mbrummittf@pbs.org,850-441-5487,494-558-8277,44470 New Castle Crossing,32590,99
17,Gusti,Gorick,ggorickg@army.mil,714-669-5867,368-663-9483,76 Mosinee Lane,3105-222,151
18,Marijn,Philipsohn,mphilipsohnh@spiegel.de,796-202-2669,585-976-1010,86748 Roth Street,8432,182
19,Daile,Mandrake,dmandrakei@geocities.jp,197-287-6892,222-738-3801,4422 Surrey Place,4502,67
20,Riki,Marrill,rmarrillj@ca.gov,671-908-4076,628-291-0351,241 Hollow Ridge Place,8432,80
21,Fredek,Tinner,ftinnerk@facebook.com,351-253-5499,495-861-6231,5 Clove Court,5034,4
22,Frank,Longland,flonglandl@spotify.com,545-482-3655,793-832-0551,87 Oneill Drive,8432,186
23,Nettie,Hegg,nheggm@ca.gov,513-419-2888,377-848-3837,9754 Moose Road,45223,178
24,Dianna,Beszant,dbeszantn@disqus.com,341-232-0856,156-633-9720,14299 Troy Point,8432,190
25,Arnuad,di Rocca,adiroccao@acquirethisname.com,215-344-8438,434-275-6661,679 Novick Terrace,606912,86
26,Kirsteni,Syversen,ksyversenp@prweb.com,818-398-1323,558-643-8011,7998 Bultman Parkway,8432,184
27,Kaila,Finn,kfinnq@sohu.com,131-773-7908,688-485-8457,7 Lyons Parkway,39880-000,192
28,Rickey,Rogans,rrogansr@mapy.cz,805-836-6656,491-726-4324,034 Veith Road,8432,171
29,Charmian,Cadwell,ccadwells@domainmarket.com,534-652-8756,301-525-9248,65 Columbus Park,8432,27
30,Adria,Hinks,ahinkst@boston.com,988-819-2184,227-905-2557,181 Waxwing Alley,37853,138
31,Jewell,Butting,jbuttingu@go.com,280-305-9966,359-700-8280,0256 Holy Cross Plaza,8432,69
32,Emmalyn,Crumpe,ecrumpev@over-blog.com,722-682-9940,245-969-2292,5919 Bay Trail,36660-000,21
33,Nessi,Fearfull,nfearfullw@icio.us,385-171-4198,770-942-3207,49721 Nobel Place,172029,129
34,Bertine,Skelington,bskelingtonx@berkeley.edu,294-142-4668,448-586-0768,97 Warbler Park,401 24,29
35,Myrlene,MacKim,mmackimy@cnbc.com,180-938-6027,798-460-4817,4356 La Follette Trail,8432,114
36,Balduin,Robardey,brobardeyz@ezinearticles.com,162-521-1495,457-821-4596,7 Melrose Junction,8432,16
37,Donielle,Abells,dabells10@fc2.com,386-872-9753,685-991-1145,17843 Schlimgen Trail,861-0133,171
38,Brittaney,Manlow,bmanlow11@infoseek.co.jp,595-382-3098,666-821-1675,5351 Novick Circle,230507,24
39,Emmalynn,Simcox,esimcox12@google.com.br,976-314-7134,535-352-7132,167 Sutteridge Park,8432,94
40,Valerie,Cayley,vcayley13@hubpages.com,314-566-9329,135-601-5680,5 Hoepker Park,8432,140
41,Nikolas,Nerheny,nnerheny14@fema.gov,569-536-9908,397-675-5176,8 Myrtle Street,8432,79
42,Feodor,Tolfrey,ftolfrey15@eventbrite.com,196-843-1642,207-775-0636,03 Kim Alley,8432,69
43,Orland,Runcie,oruncie16@dot.gov,918-609-9040,670-324-3592,93275 International Drive,26-220,7
44,Beverly,Durrett,bdurrett17@cornell.edu,937-536-1618,279-593-8661,5689 Mockingbird Street,8432,145
45,Karena,Rijkeseis,krijkeseis18@buzzfeed.com,540-327-6764,240-604-2500,8102 Dixon Court,27-540,13
46,Kamillah,Yeudall,kyeudall19@skyrock.com,649-605-4918,383-982-6401,364 Oxford Terrace,8432,68
47,Torrance,O Neligan,toneligan1a@g.co,330-372-6707,792-511-0496,5 Melvin Junction,44710,36
48,Worthington,Marryatt,wmarryatt1b@apache.org,576-612-5182,801-583-9658,064 Lindbergh Street,8432,55
49,Saw,Wogdon,swogdon1c@yahoo.com,415-420-0075,301-279-0743,1 Walton Road,8468,10
50,Anallese,Hamblin,ahamblin1d@alexa.com,869-204-0309,313-616-0782,3 Hagan Terrace,8432,109
51,Allen,Tessier,atessier1e@hostgator.com,218-931-9568,320-642-3740,2616 Dryden Crossing,8432,176
52,Andie,Goldingay,agoldingay1f@dagondesign.com,510-461-3895,995-830-1715,99 Debs Point,8432,65
53,Rosette,Stubbe,rstubbe1g@ox.ac.uk,871-857-2988,819-908-1788,78 Di Loreto Crossing,88099 CEDEX 9,117
54,Joyous,Parysiak,jparysiak1h@naver.com,292-561-5498,355-461-2131,333 Mosinee Junction,8432,143
55,Galina,McBeith,gmcbeith1i@salon.com,412-440-9071,144-499-5235,63 Oneill Crossing,411 36,183
56,Even,Corinton,ecorinton1j@seattletimes.com,110-914-6299,476-628-6963,47 Jenna Lane,8608,163
57,Rasla,Brok,rbrok1k@dailymotion.com,840-766-7211,355-439-3038,1595 Westridge Alley,423190,195
58,Bradford,Steers,bsteers1l@arstechnica.com,976-860-3147,882-997-4799,332 Welch Center,45150,163
59,Brittaney,Cargenven,bcargenven1m@statcounter.com,578-370-0081,163-987-6358,4 Merry Crossing,688000,138
60,Sadella,McCarroll,smccarroll1n@who.int,139-378-3190,352-739-9444,64979 Parkside Court,L-7274,114
61,Danyette,Sarvar,dsarvar1o@webmd.com,104-368-0225,717-183-8472,8 Maryland Point,2826,183
62,Irvin,Beiderbeck,ibeiderbeck1p@mit.edu,882-672-0210,214-550-4919,7 Anniversary Crossing,8432,100
63,Corette,Mercer,cmercer1q@ucoz.ru,672-110-7326,515-181-9720,88392 Upham Street,13160-000,70
64,Dalton,Crotty,dcrotty1r@mozilla.com,104-376-1230,644-740-8788,192 7th Point,63475-000,22
65,Gretal,Bonick,gbonick1s@taobao.com,127-653-5904,819-127-9137,62 Nevada Park,8432,128
66,Page,Dronsfield,pdronsfield1t@mozilla.org,931-616-9546,160-722-0618,39 Garrison Avenue,3060-323,98
67,Anabal,Stopford,astopford1u@elpais.com,210-830-8875,532-810-5873,217 Cherokee Way,78278,186
68,Darlene,Ghiotto,dghiotto1v@newsvine.com,280-189-0536,544-711-5738,9416 Roth Circle,4650-226,138
69,Jessamine,Siret,jsiret1w@ifeng.com,153-349-7104,170-788-7951,02249 Hudson Road,8432,196
70,Franklin,Denyakin,fdenyakin1x@addtoany.com,390-493-5473,974-493-0854,4 Corscot Plaza,8432,159
71,Chlo,Shoebottom,cshoebottom1y@last.fm,595-388-0567,967-718-3714,34 Saint Paul Parkway,20000,114
72,Rollin,Salmoni,rsalmoni1z@jigsy.com,556-569-6761,493-590-4951,88 Reindahl Way,243418,57
73,Nate,Axup,naxup20@sphinn.com,200-349-4716,143-317-5574,53047 Eagan Drive,J7R,33
74,Fannie,Pointer,fpointer21@sun.com,566-286-7413,210-813-2866,4 Bartelt Road,8432,194
75,Scarlett,Coase,scoase22@unblog.fr,374-102-0776,302-440-5997,359 Loeprich Drive,8970,116
76,Sissie,Pasterfield,spasterfield23@51.la,328-130-9247,951-668-1777,6 West Pass,8432,95
77,Aloin,Mantione,amantione24@g.co,147-588-0575,756-386-5999,93 Swallow Park,8432,45
78,Charmine,Hansie,chansie25@woothemes.com,348-877-4642,819-767-6346,9405 Bayside Plaza,368547,20
79,Christian,Kid,ckid26@soundcloud.com,957-196-7322,163-913-3497,8654 Center Alley,457162,187
80,Antonietta,Dibley,adibley27@ehow.com,442-941-5575,915-402-1025,616 1st Parkway,3480,137
81,Lia,Keepe,lkeepe28@privacy.gov.au,830-357-5821,326-538-2285,1 Miller Avenue,8432,168
82,Vonni,Penketh,vpenketh29@google.ru,902-739-5969,511-864-2512,85 Red Cloud Center,8432,116
83,Bernarr,Kernock,bkernock2a@youku.com,791-157-4025,582-663-2243,23665 Bobwhite Center,57005,125
84,Alyse,Lidington,alidington2b@ning.com,839-163-2908,158-840-9722,973 Del Mar Place,04005,190
85,Fredra,Philipeaux,fphilipeaux2c@histats.com,518-701-1248,707-625-8109,97 Clemons Circle,89-320,10
86,Conchita,Emery,cemery2d@cbc.ca,419-501-4172,621-425-3865,9333 Emmet Way,07023,86
87,Stephie,Beric,sberic2e@furl.net,770-477-0720,514-793-6406,648 Almo Hill,8432,132
88,Ozzy,Luquet,oluquet2f@google.es,564-691-1548,504-517-7401,2 Manley Trail,8432,100
89,Alta,Sleeny,asleeny2g@addtoany.com,195-967-3228,413-215-0065,7711 Red Cloud Terrace,8432,134
90,Orel,Jancar,ojancar2h@purevolume.com,707-784-4272,207-255-3922,36167 Mcbride Road,8432,123
91,Oliver,Pietrowski,opietrowski2i@linkedin.com,352-467-7921,954-170-2635,11 Little Fleur Terrace,63-642,156
92,Alfred,Nicholas,anicholas2j@hexun.com,255-664-7371,233-757-8891,643 Eastlawn Parkway,154848,3
93,Rosina,Mackness,rmackness2k@apache.org,656-741-3391,299-259-2466,85567 Towne Plaza,8432,82
94,Prent,Ragles,pragles2l@flickr.com,363-963-8479,653-489-4007,9473 Independence Avenue,8432,15
95,Mirilla,Schruurs,mschruurs2m@cnet.com,945-842-6381,491-730-2518,65 Nova Alley,366526,149
96,Biddy,Shalcros,bshalcros2n@opensource.org,894-293-8249,191-766-4579,07 Di Loreto Lane,8432,19
97,Linnell,ODea,lodea2o@pinterest.com,215-139-6910,891-946-0612,5 Aberg Plaza,19191,96
98,Ellerey,Weddeburn - Scrimgeour,eweddeburnscrimgeour2p@prweb.com,271-122-6204,944-809-4063,946 Bunker Hill Alley,8432,26
99,Juli,MacKean,jmackean2q@examiner.com,113-421-4875,288-281-3979,435 Northfield Alley,8432,100
100,Kittie,Esel,kesel2r@imgur.com,930-311-7615,169-425-3720,2 Fulton Drive,8432,15
101,Saunders,Elden,selden2s@va.gov,639-577-3972,213-546-2840,0 Merchant Terrace,8432,41
102,Zorine,McConigal,zmcconigal2t@omniture.com,155-790-3761,466-202-4146,6080 Katie Point,49411 CEDEX,193
103,Brittne,Duckering,bduckering2u@nymag.com,401-926-2771,114-662-8896,564 Cambridge Drive,73900-000,26
104,Cissy,Douty,cdouty2v@samsung.com,971-755-0916,746-667-6125,09491 Loftsgordon Circle,293 35,86
105,Isaak,Waitland,iwaitland2w@nps.gov,104-735-4978,983-719-0480,9643 Delaware Street,3798,58
106,Laural,Hancock,lhancock2x@deviantart.com,777-446-4135,688-144-9404,5 Randy Avenue,33274 CEDEX,27
107,Courtney,Morrison,cmorrison2y@nydailynews.com,587-814-4498,217-956-0996,7 Waywood Trail,8432,113
108,Lyman,Maxwale,lmaxwale2z@tripadvisor.com,948-232-3585,361-250-4381,1 Rockefeller Point,952-0317,88
109,Pincas,Goldby,pgoldby30@unesco.org,807-763-9508,680-465-8882,67 Hollow Ridge Drive,1794,180
110,Yolanda,McPhelim,ymcphelim31@si.edu,799-437-3300,608-798-8740,11 Bartillon Road,32010,170
111,Constantia,Hanratty,chanratty32@mac.com,474-104-5390,579-436-2735,9 Logan Center,8432,182
112,Nell,Newham,nnewham33@hud.gov,148-345-3545,857-719-4995,873 Bay Circle,8432,10
113,Hirsch,Formie,hformie34@tmall.com,369-251-5344,576-795-8636,9322 Rutledge Trail,8432,160
114,Bee,Pollington,bpollington35@ameblo.jp,477-758-9099,826-919-2879,928 Lyons Lane,8432,157
115,Leupold,Stit,lstit36@sina.com.cn,641-942-5112,130-354-1468,5469 Oak Valley Avenue,79101,170
116,Franky,Huws,fhuws37@artisteer.com,517-664-7431,929-964-3502,2 Pond Street,48930,66
117,Darelle,Gosdin,dgosdin38@shareasale.com,495-531-8054,505-596-0232,9874 Clemons Alley,241904,39
118,Cassandry,Looker,clooker39@wp.com,480-292-3966,383-742-2446,322 Dakota Junction,8432,51
119,Jacques,Blissitt,jblissitt3a@unesco.org,265-420-4236,503-978-8326,729 Grim Crossing,29920,9
120,Catlee,OScollain,coscollain3b@amazon.co.uk,981-510-3302,720-284-8658,318 Bartillon Way,8432,102
121,Timothy,Hupka,thupka3c@apple.com,794-388-4899,273-278-2959,8 Boyd Junction,59550-000,162
122,Northrup,Duguid,nduguid3d@salon.com,914-503-5576,696-168-5762,158 Bellgrove Avenue,8432,124
123,Sutherlan,Fusedale,sfusedale3e@google.com.hk,763-512-1664,864-485-3919,9 Mayfield Terrace,8432,163
124,Meagan,Chick,mchick3f@rakuten.co.jp,684-173-2709,322-394-5077,1846 Ridgeway Park,8432,145
125,Theadora,Goodliffe,tgoodliffe3g@about.com,247-144-7389,362-289-8389,7 Marcy Drive,13-210,199
126,Sly,Markwell,smarkwell3h@eepurl.com,202-173-2890,245-620-4889,2129 Mockingbird Center,8432,78
127,Robinetta,Fretson,rfretson3i@reddit.com,990-993-1722,273-346-1420,1 Lakeland Point,8432,142
128,Samara,Muat,smuat3j@buzzfeed.com,295-464-9521,690-923-9053,48751 Judy Hill,8432,75
129,Freddy,Shoutt,fshoutt3k@chron.com,138-651-8346,754-508-5916,15245 Merrick Crossing,8432,64
130,Chuck,Manske,cmanske3l@cafepress.com,704-369-8288,421-483-2326,7 Clove Lane,8432,102
131,Gillie,Benditt,gbenditt3m@google.pl,179-385-9151,312-993-2262,879 Jana Street,8432,23
132,Winona,Shellshear,wshellshear3n@cam.ac.uk,440-747-3080,900-552-1683,4 Spaight Lane,8432,93
133,Fiann,Rickarsey,frickarsey3o@over-blog.com,129-940-7114,232-569-1764,0 Magdeline Point,3519,50
134,Ethelin,Malek,emalek3p@phoca.cz,271-825-1314,770-806-7680,9 Hansons Point,35570-000,108
135,Kyla,Romagnosi,kromagnosi3q@pinterest.com,845-802-7761,787-163-6483,65 Lakewood Trail,44320-000,158
136,Melody,Benneton,mbenneton3r@behance.net,805-461-6636,499-543-1204,53613 Hooker Drive,8432,112
137,Brena,Kelberer,bkelberer3s@wordpress.com,883-688-5721,926-804-9916,33 Carey Court,11700-000,126
138,Filbert,Arpin,farpin3t@pen.io,319-212-5943,785-597-5782,3816 Garrison Alley,8432,42
139,Bunni,Ahrend,bahrend3u@cafepress.com,114-926-5376,878-128-2855,688 Westerfield Circle,8432,28
140,Tatiania,MacRory,tmacrory3v@wp.com,768-259-0014,178-861-0818,9 Dorton Hill,59865 CEDEX 9,126
141,Monique,Bilsborrow,mbilsborrow3w@washington.edu,404-473-4757,398-952-1981,711 Clemons Circle,3131,95
142,Edeline,Aldrick,ealdrick3x@4shared.com,919-841-1220,590-631-5980,75 Norway Maple Street,47685,144
143,Heda,Scarlett,hscarlett3y@shareasale.com,862-945-5949,747-371-0428,6308 Glendale Plaza,8432,174
144,Guillermo,Townsend,gtownsend3z@sphinn.com,135-395-5781,825-377-1438,1379 Hollow Ridge Terrace,8432,45
145,Shelia,Radbond,sradbond40@alexa.com,271-864-9751,162-909-6092,9 Crownhardt Avenue,8432,59
146,Dalt,Studart,dstudart41@alexa.com,219-367-6974,332-460-4596,5 Division Road,95193,186
147,Mellisent,Vakhlov,mvakhlov42@sourceforge.net,913-137-9084,231-852-1172,71703 Melvin Alley,8432,141
148,Colan,Coffin,ccoffin43@simplemachines.org,375-644-7906,303-263-6860,57635 Delaware Point,769-0105,10
149,Sim,Lyttle,slyttle44@webeden.co.uk,575-124-7825,411-866-6306,68728 Messerschmidt Drive,8432,85
150,Ellery,Appleby,eappleby45@fc2.com,973-547-1122,571-109-4223,151 Rieder Park,8432,136
151,Adaline,Scranedge,ascranedge46@xrea.com,206-433-1870,385-711-1902,70 Dwight Junction,5684,101
152,Garreth,Le Leu,gleleu47@wired.com,906-899-7676,470-866-2087,06572 Burrows Terrace,59800,138
153,Atlanta,Jilkes,ajilkes48@zdnet.com,129-345-2024,679-878-9762,90361 Independence Point,83400-000,20
154,Janella,Mellhuish,jmellhuish49@weebly.com,120-671-6227,979-209-4093,715 Petterle Road,8432,109
155,Opaline,Hurworth,ohurworth4a@seattletimes.com,858-122-4562,502-218-6987,0 Elka Drive,2610-006,121
156,Dela,Garriock,dgarriock4b@tinyurl.com,227-432-6468,865-466-7673,9229 Kropf Road,8432,87
157,Pinchas,Curphey,pcurphey4c@vimeo.com,576-405-9935,838-543-7673,357 Old Gate Lane,4332,115
158,Peterus,Greeve,pgreeve4d@opera.com,127-377-2542,324-443-9423,7054 Sundown Park,8432,83
159,Meggie,Sives,msives4e@godaddy.com,782-562-1290,466-666-1284,026 Talisman Junction,8432,100
160,Steve,Yard,syard4f@cdc.gov,507-656-7543,298-352-7565,193 Sundown Terrace,55905,117
161,Caleb,Gillingham,cgillingham4g@w3.org,130-691-9142,501-498-8749,81 Clemons Road,8432,99
162,Chere,Vecard,cvecard4h@istockphoto.com,328-969-5985,627-291-3042,914 Talmadge Hill,8432,45
163,Johnathon,Spat,jspat4i@discovery.com,535-199-3073,184-172-4007,29280 Esker Terrace,8432,85
164,Wileen,Label,wlabel4j@prlog.org,890-334-8597,244-941-9239,89125 Fulton Junction,08-420,193
165,Consuelo,Klimschak,cklimschak4k@umich.edu,814-631-9298,961-587-1308,859 Gerald Plaza,8432,165
166,Nanny,Worvill,nworvill4l@mayoclinic.com,827-278-4164,712-471-1131,4 Goodland Park,8432,23
167,Tye,Mohan,tmohan4m@sciencedirect.com,153-586-1685,637-759-9784,59947 Oxford Park,6505,6
168,Rosie,Torpie,rtorpie4n@symantec.com,970-277-6687,383-337-4859,86901 Manley Center,979-1501,41
169,Noelle,Quinney,nquinney4o@simplemachines.org,289-813-4787,982-294-0504,888 Manley Pass,8432,83
170,Brit,Blouet,bblouet4p@phpbb.com,278-826-8405,509-876-5270,63 Autumn Leaf Center,34-105,159
171,Olly,ORuane,ooruane4q@digg.com,542-193-5253,170-932-1305,9135 Duke Way,141032,189
172,Karolina,Birkenshaw,kbirkenshaw4r@nasa.gov,381-975-4569,188-471-6134,4232 Vidon Court,8432,137
173,Hali,Wandrich,hwandrich4s@hostgator.com,854-220-8444,757-752-7859,4 1st Plaza,8432,157
174,Drew,Wedon,dwedon4t@hexun.com,132-766-5698,366-996-9228,4176 Kedzie Pass,F93,186
175,Cindie,Delahunt,cdelahunt4u@un.org,102-992-7441,440-204-8087,64 Colorado Park,8432,158
176,Cleveland,Warsop,cwarsop4v@github.com,172-767-7751,222-138-5735,5 Dakota Alley,36-122,170
177,Knox,Ingleton,kingleton4w@yahoo.co.jp,454-837-9739,765-237-5919,56 Sunbrook Court,8432,179
178,Loella,Harniman,lharniman4x@usnews.com,545-532-5605,914-507-6482,2047 Thackeray Junction,32-447,117
179,Tedda,Jarritt,tjarritt4y@bloomberg.com,630-845-8682,705-126-7296,4628 Stephen Way,8432,11
180,Antonietta,Ivashintsov,aivashintsov4z@drupal.org,990-878-6947,987-404-1020,7 Graceland Circle,84-113,117
181,Conant,Esom,cesom50@addtoany.com,104-906-1612,673-532-8158,269 Clove Plaza,5805,17
182,Davide,Raynton,draynton51@admin.ch,777-335-9019,157-270-3978,2814 Mcguire Court,6711,200
183,Amara,Ondrasek,aondrasek52@archive.org,919-651-7968,753-848-8690,0 Orin Trail,8432,30
184,Ernestine,Chicchelli,echicchelli53@about.me,202-248-1547,871-703-5468,3 Roxbury Circle,8432,179
185,Bone,Minocchi,bminocchi54@hostgator.com,252-971-4898,802-159-3032,55610 Rigney Court,8432,178
186,Celeste,Karim,ckarim55@biglobe.ne.jp,541-545-4604,276-649-1260,92721 Annamark Court,8432,178
187,Goldy,Stockman,gstockman56@examiner.com,439-983-1808,234-835-5370,69960 Truax Crossing,8432,200
188,Kippie,Bonny,kbonny57@altervista.org,107-961-5273,460-215-4784,518 Blackbird Lane,8432,30
189,Cara,Hauger,chauger58@freewebs.com,439-331-6835,729-264-3033,248 Village Plaza,10140,166
190,Jaquelyn,Impey,jimpey59@baidu.com,841-330-1602,553-951-4684,3408 Melrose Terrace,8432,170
191,Dionisio,Balling,dballing5a@springer.com,367-628-0686,173-506-0276,7095 Schurz Avenue,76-280,41
192,Rafaela,Aslett,raslett5b@de.vu,388-102-9297,919-162-5178,524 West Way,8432,50
193,Valera,Colenutt,vcolenutt5c@tamu.edu,493-824-3719,207-848-2091,9963 Thompson Crossing,8432,187
194,Roderigo,Dmych,rdmych5d@comsenz.com,804-549-2732,425-208-7751,66 Namekagon Terrace,8432,68
195,Haleigh,Capper,hcapper5e@businessinsider.com,269-247-9186,338-444-4360,486 Bartillon Street,8432,49
196,Taite,Muggleton,tmuggleton5f@unblog.fr,117-776-7193,611-848-4065,930 Parkside Terrace,13450-000,91
197,Audre,Hover,ahover5g@dion.ne.jp,153-334-2884,668-718-7136,50 Fisk Pass,8432,9
198,Isaac,Edelman,iedelman5h@webeden.co.uk,873-515-9153,991-585-3501,745 Swallow Drive,242522,103
199,Chantalle,le Keux,clekeux5i@creativecommons.org,409-571-6404,892-886-2536,37335 Larry Drive,8432,138
200,Anni,Wallentin,awallentin5j@photobucket.com,647-993-5256,649-796-3731,41680 Anthes Court,38066 CEDEX 2,90
201,Sonnie,Piotrkowski,spiotrkowski5k@youtube.com,873-165-9541,209-889-5678,18 Hallows Pass,59700-000,152
202,Harrie,Barnewelle,hbarnewelle5l@meetup.com,439-275-6337,659-260-8543,990 Pleasure Road,9204,111
203,Elaina,Giraudel,egiraudel5m@unc.edu,475-762-5610,743-136-3890,51631 Merry Street,458 31,61
204,Magnum,Walls,mwalls5n@cnet.com,657-936-2841,772-650-7395,0 Green Ridge Hill,38440-000,28
205,Carmencita,Karus,ckarus5o@jimdo.com,977-276-3541,558-158-3525,0565 Monterey Place,8432,180
206,Anatol,Cansdall,acansdall5p@blogtalkradio.com,764-762-4568,211-109-3331,68952 Texas Hill,8432,156
207,Lonnie,Dymock,ldymock5q@tripadvisor.com,701-793-5093,159-433-7767,589 Bultman Trail,8432,13
208,Anestassia,Ledner,aledner5r@wikipedia.org,150-269-6525,429-759-5696,4342 Green Circle,8432,115
209,Suellen,Leglise,sleglise5s@unesco.org,383-469-0939,153-922-8000,30 Vahlen Terrace,8432,32
210,Slade,Tolworthie,stolworthie5t@state.tx.us,144-749-2369,506-725-6379,7955 Dennis Terrace,14765-000,148
211,Karalynn,OHone,kohone5u@creativecommons.org,613-584-7487,162-711-4064,84674 Melody Park,78430,109
212,Letti,Kobierra,lkobierra5v@theatlantic.com,809-815-5645,662-683-9851,68249 Heffernan Plaza,8432,162
213,Emmye,Grandin,egrandin5w@wordpress.com,514-625-4113,198-614-3661,9 Eastlawn Park,9950-225,142
214,Bonnibelle,Kimmel,bkimmel5x@sitemeter.com,605-578-0723,902-614-0006,0 Merrick Trail,8432,134
215,Bent,Mussetti,bmussetti5y@constantcontact.com,429-671-2527,521-852-5305,83 Ronald Regan Plaza,28050,152
216,Devlin,Chaplin,dchaplin5z@purevolume.com,248-474-8858,743-130-1130,6 Truax Way,8432,179
217,Tessie,Toon,ttoon60@taobao.com,698-977-2796,311-809-5523,6 Lillian Place,8432,133
218,Brooks,Colston,bcolston61@wikimedia.org,856-916-4150,720-227-8240,6515 Crest Line Parkway,42-134,29
219,Archibaldo,Devany,adevany62@yellowbook.com,485-159-0626,242-719-7704,1 Golf View Point,8432,142
220,Lorena,Dowden,ldowden63@disqus.com,672-457-1423,318-969-3263,1 Jenna Point,8432,110
221,Ninnetta,Voss,nvoss64@mozilla.com,923-131-6344,522-469-8566,472 Daystar Crossing,8432,42
222,Henriette,Bensley,hbensley65@wired.com,157-601-8130,416-839-3320,2381 Kinsman Road,8432,62
223,Marinna,Straneo,mstraneo66@squarespace.com,386-753-5709,979-481-8319,00595 Packers Point,7026,142
224,Dodie,Purkess,dpurkess67@lycos.com,999-623-6112,829-160-2387,101 Bashford Terrace,8432,152
225,Olenolin,Grigoryev,ogrigoryev68@constantcontact.com,477-775-1357,173-477-6484,07279 Hauk Way,V1Y,103
226,Bernhard,Gages,bgages69@prweb.com,674-682-6821,450-903-3072,673 Blue Bill Park Way,81017 CEDEX 9,167
227,Malva,Blizard,mblizard6a@youku.com,720-659-0956,912-571-6231,6535 Evergreen Circle,80305,176
228,Andy,Sanzio,asanzio6b@yahoo.co.jp,792-640-1671,866-261-7625,70 South Road,L-4354,5
229,Ange,Coldbath,acoldbath6c@ocn.ne.jp,137-483-6278,998-340-8964,16980 Fulton Way,8432,82
230,Dan,Ambrogelli,dambrogelli6d@geocities.com,773-997-8608,650-185-3261,8544 Macpherson Alley,8432,143
231,Louella,Slaten,lslaten6e@earthlink.net,594-335-8029,529-385-2822,93 Amoth Park,8432,84
232,Preston,Row,prow6f@slashdot.org,397-941-7602,843-828-7273,973 Claremont Circle,8432,174
233,Gypsy,Crudginton,gcrudginton6g@seesaa.net,624-181-4809,470-453-8123,717 Starling Court,26040,191
234,Parry,McLeary,pmcleary6h@g.co,601-975-1811,664-759-9464,024 Stang Center,618460,29
235,Alva,Bonavia,abonavia6i@fc2.com,463-223-6646,764-583-7020,22 Vahlen Way,8432,140
236,Frants,McCorkell,fmccorkell6j@mozilla.org,714-228-2985,190-709-6024,62 Killdeer Plaza,3319,103
237,Mahala,Asch,masch6k@odnoklassniki.ru,991-175-5084,970-724-3703,1525 South Road,763 62,171
238,Cyrillus,Foulcher,cfoulcher6l@forbes.com,343-253-1860,390-374-8522,1 Lotheville Plaza,4342,124
239,Freddie,Curd,fcurd6m@last.fm,258-594-5983,311-639-0542,83 Arrowood Center,54529 CEDEX,118
240,Lila,Widdowson,lwiddowson6n@arizona.edu,809-759-9191,508-682-4183,89 Mcbride Point,157008,40
241,Winna,Percy,wpercy6o@a8.net,769-640-6587,595-712-1126,918 Arapahoe Avenue,8714,53
242,Bevvy,Keam,bkeam6p@list-manage.com,259-590-6479,456-927-5003,096 Beilfuss Alley,18120-000,6
243,Nannie,McAllaster,nmcallaster6q@yale.edu,262-700-0924,232-229-1945,38 Algoma Terrace,6333,153
244,Maybelle,Pigney,mpigney6r@upenn.edu,387-347-8874,792-559-5710,79643 Northridge Center,8432,89
245,Barnabe,Telezhkin,btelezhkin6s@amazon.com,561-372-5234,263-730-9900,136 Miller Junction,3309,90
246,Delmar,Bolam,dbolam6t@abc.net.au,670-731-7482,741-819-5358,1618 Homewood Trail,551 84,45
247,Vivie,Oakey,voakey6u@flavors.me,946-451-8016,601-987-5664,3 Arapahoe Road,09013,14
248,Catharina,Salvador,csalvador6v@hp.com,212-678-0429,103-357-8713,8169 Heath Point,8432,62
249,Dew,Sanbrooke,dsanbrooke6w@skyrock.com,311-386-4384,549-470-5887,8265 Lukken Hill,6230-689,81
250,Irvine,Lifsey,ilifsey6x@blogs.com,250-165-0934,621-490-4644,22891 Glacier Hill Street,186660,131
251,Isidora,Greenrodd,igreenrodd6y@ucoz.com,336-426-1539,228-369-9291,19 Schiller Crossing,84430-000,106
252,Shir,Mattaser,smattaser6z@pbs.org,344-516-5200,274-783-7431,849 Hooker Parkway,756 05,42
253,Brose,Kitchinham,bkitchinham70@businessweek.com,681-828-9809,636-272-7891,7 Manley Trail,8432,27
254,Maxwell,Fleote,mfleote71@imageshack.us,225-502-4782,209-422-6299,9502 Loomis Crossing,09024,56
255,Heath,Wileman,hwileman72@usnews.com,331-506-5805,785-662-5057,77902 Anthes Terrace,606700,193
256,Marty,Dwelling,mdwelling73@usatoday.com,888-530-8434,540-210-4010,0 Kedzie Park,8432,190
257,Nanete,Lemery,nlemery74@smugmug.com,188-780-7876,779-474-1286,986 Artisan Trail,8432,92
258,Anselma,Aked,aaked75@sogou.com,289-641-8930,800-585-3358,205 Columbus Lane,8432,195
259,Christel,Shurmer,cshurmer76@youtu.be,799-889-4645,357-625-7258,6 Ryan Plaza,8432,7
260,Gordan,Rosenstiel,grosenstiel77@mediafire.com,190-391-2409,386-753-0295,05 Granby Trail,3129,70
261,Teodoro,Newlove,tnewlove78@is.gd,559-318-9771,870-336-8264,3 Dryden Place,963-8878,94
262,Thomas,Escudier,tescudier79@ycombinator.com,946-228-9435,578-517-1598,804 Fairfield Trail,8432,122
263,Suzann,Gogay,sgogay7a@senate.gov,691-607-5092,432-639-9934,4 Petterle Way,8432,93
264,Ximenez,Kermitt,xkermitt7b@examiner.com,425-461-8961,354-300-7169,4 Sheridan Road,999-8316,3
265,Payton,Pailin,ppailin7c@rakuten.co.jp,573-355-8006,112-366-8896,599 Elka Place,8432,12
266,Katti,Manby,kmanby7d@hc360.com,534-362-6944,194-462-1492,82679 Buena Vista Pass,8432,200
267,Leland,Sallis,lsallis7e@shareasale.com,174-590-2585,475-140-2581,377 Stuart Plaza,12104 CEDEX,15
268,Nelie,Meachen,nmeachen7f@msn.com,660-468-2350,253-816-8023,6933 Texas Road,8432,108
269,Felicio,Swain,fswain7g@google.nl,291-608-7715,229-140-8912,8073 Ronald Regan Way,55014,104
270,Osgood,Camin,ocamin7h@ameblo.jp,712-729-2061,348-139-4044,9218 Cottonwood Circle,F45,157
271,Almire,Casoni,acasoni7i@apple.com,327-160-5690,413-533-0903,3784 Hanson Place,8432,10
272,Chane,Beefon,cbeefon7j@xinhuanet.com,453-437-9966,642-524-3005,464 Pankratz Park,8432,150
273,Terrill,Durtnall,tdurtnall7k@cnbc.com,655-957-9694,371-168-4675,1090 Sage Park,852 30,24
274,Freddy,Ferber,fferber7l@multiply.com,900-181-2435,182-879-5310,6821 Kenwood Parkway,79550-000,162
275,Evita,Attree,eattree7m@walmart.com,565-476-5041,330-338-5042,9359 Northfield Trail,8432,197
276,Darsie,Cruise,dcruise7n@sun.com,614-296-0085,806-827-9182,90523 Annamark Court,43210,111
277,Gabbie,Kordas,gkordas7o@youtu.be,885-717-3844,291-859-5890,651 Eastwood Avenue,8432,114
278,Simona,Smythe,ssmythe7p@networkadvertising.org,571-805-2549,679-801-6990,881 South Crossing,22313,86
279,Sully,Tipton,stipton7q@scribd.com,482-889-2461,248-589-4082,9 Graceland Plaza,8432,116
280,Bord,McCreery,bmccreery7r@dagondesign.com,459-189-2529,253-465-8474,70462 Buena Vista Plaza,8432,96
281,Deanne,Mollin,dmollin7s@privacy.gov.au,699-548-9251,664-595-0101,3029 Pankratz Plaza,747 14,44
282,Tibold,Cooksley,tcooksley7t@blogtalkradio.com,272-893-6689,897-864-2470,101 5th Road,12009,168
283,Maximo,Pohlke,mpohlke7u@dropbox.com,482-388-3230,768-904-8765,91036 8th Drive,9209,77
284,Ana,Tran,atran7v@jugem.jp,196-553-1633,738-641-8430,90 Aberg Center,8432,186
285,Drud,Corgenvin,dcorgenvin7w@drupal.org,353-830-2927,568-123-6341,375 Luster Lane,8432,19
286,Justina,Domegan,jdomegan7x@thetimes.co.uk,813-527-2768,186-503-4814,9548 Dorton Plaza,8432,136
287,Fenelia,Dy,fdy7y@instagram.com,302-541-3490,133-498-2419,6 Tennyson Center,3606,78
288,Rabi,Baseke,rbaseke7z@google.com.au,727-345-7909,805-258-9051,17 Karstens Crossing,8432,82
289,Edita,Carlisle,ecarlisle80@virginia.edu,475-832-1107,879-772-8377,934 Chinook Plaza,8432,57
290,Greggory,Biesterfeld,gbiesterfeld81@nba.com,176-350-5876,724-277-9511,7 Columbus Avenue,8432,5
291,Galina,Mougenel,gmougenel82@springer.com,101-729-7789,354-498-4341,7978 Reinke Alley,8432,114
292,Yard,MacGraith,ymacgraith83@virginia.edu,313-545-4816,442-904-8654,90728 Heffernan Crossing,5145,24
293,Carmina,Howard,choward84@army.mil,792-949-8665,466-958-0237,441 Donald Place,8432,129
294,Caryl,Molan,cmolan85@goo.gl,633-137-2613,499-498-8956,19 Goodland Point,54801,68
295,Thaxter,Scouler,tscouler86@google.es,357-261-1336,753-428-9280,37242 Everett Alley,8432,195
296,Caitrin,Ower,cower87@prweb.com,425-589-7760,556-195-6998,9209 Holy Cross Place,4505-427,184
297,Aurora,Robathon,arobathon88@yellowpages.com,562-269-8706,226-284-2943,2 Dwight Crossing,90831,92
298,Haroun,Wansbury,hwansbury89@princeton.edu,605-394-4744,212-785-8020,39138 Eagle Crest Crossing,34-103,145
299,Queenie,Mantione,qmantione8a@illinois.edu,317-117-7088,768-864-8061,7 Express Trail,8432,194
300,Veronike,Haack,vhaack8b@infoseek.co.jp,728-750-5769,632-434-6285,32394 Springs Way,8432,12
301,Ransell,Britton,rbritton8c@pcworld.com,347-455-9634,229-307-4126,157 Nancy Road,8432,12
302,Desmund,Flahive,dflahive8d@cbc.ca,900-538-2603,816-368-3293,4310 Lukken Drive,116 92,24
303,Udall,Phinn,uphinn8e@ebay.co.uk,125-420-9999,970-281-1538,5260 Canary Court,8432,144
304,Iolanthe,Rozenzweig,irozenzweig8f@google.fr,885-783-7636,263-357-5281,8132 7th Parkway,8432,190
305,Desiree,Sapshed,dsapshed8g@engadget.com,735-450-8939,772-287-1994,68 Cambridge Alley,8432,98
306,Lurleen,Weekland,lweekland8h@desdev.cn,136-366-7617,487-630-8730,568 Donald Hill,8432,1
307,Ruby,Abramovicz,rabramovicz8i@qq.com,408-114-3484,366-720-1881,530 Dapin Parkway,8432,93
308,Philipa,Daud,pdaud8j@skype.com,649-575-0796,207-850-3027,822 Artisan Trail,8432,18
309,Salomon,Hearns,shearns8k@bloglines.com,287-704-2913,955-118-2495,2898 Bunker Hill Terrace,8432,34
310,Fabien,Yorke,fyorke8l@chicagotribune.com,575-241-9128,675-467-3413,2054 Heath Drive,14300-000,138
311,Aube,Hannum,ahannum8m@forbes.com,343-296-9449,370-629-1387,54 Marquette Crossing,13870-000,59
312,Fulton,Cohr,fcohr8n@about.me,544-518-9371,280-879-1560,11 Aberg Point,8432,117
313,Thomasin,Sange,tsange8o@hexun.com,432-442-9431,917-636-7728,29 Jenifer Road,8432,116
314,Skelly,Rigard,srigard8p@house.gov,275-250-4106,667-763-8406,0602 Quincy Plaza,59024 CEDEX,68
315,Daryle,Blackborough,dblackborough8q@desdev.cn,426-276-5627,984-661-3880,2254 Amoth Plaza,8432,63
316,Hermia,Dongate,hdongate8r@feedburner.com,270-556-4470,391-731-6570,54 Westridge Avenue,143082,74
317,Lemuel,Grassot,lgrassot8s@prlog.org,865-156-3618,403-667-4030,535 Grover Circle,8432,59
318,Ashly,Cancellor,acancellor8t@w3.org,680-516-0080,262-143-1852,92 Farmco Place,8432,135
319,Tammie,Eastment,teastment8u@so-net.ne.jp,182-584-9585,436-430-3320,7 Eastwood Hill,48-388,54
320,Gideon,Pardie,gpardie8v@nasa.gov,502-299-0233,262-144-0746,8832 Weeping Birch Avenue,76-248,124
321,Donnell,Oloshin,doloshin8w@moonfruit.com,259-593-8295,919-822-9630,42 Bashford Park,8432,146
322,Brietta,Fernan,bfernan8x@weather.com,442-687-9590,160-791-3226,23147 Mandrake Court,7320,56
323,Cleon,Graffin,cgraffin8y@ehow.com,160-983-0462,529-694-6530,8174 Dahle Avenue,91709 CEDEX,18
324,Clea,Swenson,cswenson8z@va.gov,526-402-5707,288-613-8592,195 Steensland Place,62-240,82
325,Othilie,Langfat,olangfat90@a8.net,794-187-2751,827-149-3250,5 Waywood Junction,8432,182
326,Mischa,Nagle,mnagle91@pcworld.com,216-657-9010,452-388-1045,0079 School Circle,77800-000,36
327,Fanechka,Barz,fbarz92@xrea.com,163-910-6777,175-257-5374,84 Schmedeman Trail,77645-000,103
328,Janeen,Raith,jraith93@nifty.com,484-543-5995,745-732-3294,0 Maywood Crossing,40054,4
329,Ivory,Southern,isouthern94@mediafire.com,194-369-7275,214-233-8806,99121 Russell Circle,37790-000,44
330,Barny,Killigrew,bkilligrew95@typepad.com,699-687-9116,879-425-3462,9187 Browning Avenue,8432,42
331,Devan,Riping,driping96@exblog.jp,293-574-5660,697-621-4083,16220 Schurz Alley,8432,30
332,Janey,Kewzick,jkewzick97@craigslist.org,959-286-5671,161-457-3299,877 Delaware Place,8432,197
333,Pascal,Warbrick,pwarbrick98@virginia.edu,163-731-6349,637-237-6647,08836 Butterfield Place,8432,141
334,Leif,Cureton,lcureton99@biglobe.ne.jp,442-399-2878,541-139-1347,68 Dakota Junction,8432,174
335,Susie,Woollons,swoollons9a@abc.net.au,637-391-6322,939-858-5729,78957 Schiller Circle,8432,149
336,Madelle,Saunter,msaunter9b@netlog.com,831-624-4617,235-353-4439,263 Hovde Circle,8432,102
337,Suzy,Reaney,sreaney9c@acquirethisname.com,845-778-9106,776-963-3772,6927 Elka Pass,8432,87
338,Rodi,Gatus,rgatus9d@dot.gov,475-106-4994,392-868-3263,91706 Spohn Plaza,8432,129
339,Ward,Dizlie,wdizlie9e@ebay.co.uk,614-307-8356,717-695-4214,6 Mitchell Hill,8432,141
340,Ritchie,Landrean,rlandrean9f@behance.net,426-569-3982,528-217-9747,26 8th Court,1235,159
341,Danika,Di Franceshci,ddifranceshci9g@globo.com,598-695-0875,111-976-5521,03029 Continental Drive,250038,81
342,Joellyn,Tilby,jtilby9h@google.cn,734-492-6520,269-953-9987,8 Marquette Way,8432,192
343,Tania,Nazer,tnazer9i@washingtonpost.com,257-951-3381,914-705-3264,4074 Northland Alley,501-4455,127
344,Junia,Steptow,jsteptow9j@woothemes.com,460-351-8238,280-153-8822,35 Canary Point,T8S,172
345,Josee,Freemantle,jfreemantle9k@chronoengine.com,415-161-2199,349-875-0196,9026 Novick Drive,8432,65
346,Euphemia,Dymock,edymock9l@acquirethisname.com,478-906-5011,948-726-7384,41 Manufacturers Alley,T1G,181
347,Waite,Perfitt,wperfitt9m@businessweek.com,350-512-2614,750-998-6949,5604 Pankratz Terrace,08-470,98
348,Wood,Shorbrook,wshorbrook9n@weibo.com,273-690-0127,461-271-2370,06958 Roth Trail,21006,168
349,Gerrie,Rennles,grennles9o@hexun.com,499-220-5515,982-520-9319,67083 Bayside Parkway,8432,114
350,Livvy,Ivanikov,livanikov9p@typepad.com,692-598-7744,729-897-4167,063 Crownhardt Crossing,164251,40
351,Mayne,Hanbridge,mhanbridge9q@nsw.gov.au,905-614-1814,148-955-5339,9 Lillian Alley,30479,158
352,Kristal,Broadwood,kbroadwood9r@apache.org,555-243-3873,340-318-5145,81 Wayridge Parkway,96970,167
353,Sal,Rieflin,srieflin9s@1und1.de,764-925-1738,205-730-7242,9538 Shasta Plaza,606900,45
354,Gianina,Manger,gmanger9t@harvard.edu,418-267-0454,697-335-4557,89642 Spenser Pass,8432,189
355,Blinny,Bayley,bbayley9u@goodreads.com,925-203-4693,490-227-4448,161 Basil Plaza,18025 CEDEX,9
356,Isabel,Delwater,idelwater9v@stumbleupon.com,109-896-2462,448-495-2539,150 Loeprich Trail,8432,62
357,Bridget,Antonomolii,bantonomolii9w@usgs.gov,819-581-2050,233-415-9452,7719 Grayhawk Terrace,8432,74
358,Dorelle,Polon,dpolon9x@nyu.edu,542-354-2713,738-561-1384,68 Lerdahl Crossing,8432,61
359,Zola,Sapp,zsapp9y@reference.com,125-627-7833,976-929-9944,7 Sutherland Road,7430-315,56
360,Prudy,Brearton,pbrearton9z@mysql.com,996-968-6038,855-900-8960,45605 Iowa Drive,8432,28
361,Emily,Agent,eagenta0@sbwire.com,954-730-0245,570-592-7804,67504 Sauthoff Hill,4643,42
362,Erica,Dillinton,edillintona1@google.com.hk,989-608-6445,481-327-8956,2512 Express Hill,42001,139
363,Joelle,DOrsay,jdorsaya2@tinypic.com,735-844-6651,886-657-3247,585 Southridge Alley,8432,139
364,Lyndsie,Shaves,lshavesa3@cnn.com,736-632-8795,712-725-9620,72068 Brown Junction,55530-000,18
365,Melodie,Smiths,msmithsa4@deviantart.com,884-772-0902,264-545-2175,3575 Kinsman Alley,8432,163
366,Cyrille,Larchiere,clarchierea5@tamu.edu,471-660-6071,428-318-5414,1 Bluejay Plaza,8432,3
367,Sherill,Clavey,sclaveya6@mac.com,793-378-0840,614-163-8563,1 Ludington Park,368959,100
368,Odelinda,Jeannet,ojeanneta7@rambler.ru,308-221-0022,356-877-0643,96 Spaight Junction,4023,126
369,Winston,Shillaker,wshillakera8@slashdot.org,707-636-2749,544-360-0817,8 Graceland Way,1104,100
370,Grayce,Deedes,gdeedesa9@mysql.com,736-442-3391,466-110-5920,92321 Brentwood Lane,1204,99
371,Bern,Bull,bbullaa@mapquest.com,847-789-7826,776-631-0804,52917 Dixon Circle,8432,119
372,Luigi,Beavis,lbeavisab@behance.net,285-320-1233,939-578-3582,7 Packers Lane,8102,185
373,Giles,Kender,gkenderac@virginia.edu,516-113-8415,958-588-5653,4134 Loeprich Center,79240-000,59
374,Tome,Cyples,tcyplesad@house.gov,121-276-2581,923-325-0695,34487 Lakewood Gardens Place,27309 CEDEX,147
375,Chryste,Jacob,cjacobae@ft.com,421-531-9011,836-692-9570,5 Rowland Place,8432,24
376,Loise,Paddefield,lpaddefieldaf@apple.com,586-477-6794,962-550-0071,1 Carberry Road,8432,29
377,Dru,Breache,dbreacheag@quantcast.com,665-327-2737,726-409-1898,1 Forest Dale Road,171399,18
378,Roseanna,La Croce,rlacroceah@smh.com.au,942-902-5010,546-328-3535,11 Hollow Ridge Alley,8432,38
379,Alica,Louys,alouysai@kickstarter.com,506-294-6499,215-276-4440,344 Butterfield Point,8432,28
380,Cristionna,Sebire,csebireaj@gov.uk,702-406-1409,571-723-6561,80 Fallview Hill,8432,171
381,Archy,Whodcoat,awhodcoatak@freewebs.com,181-904-4643,975-421-8054,5 Sommers Hill,2435-042,162
382,Gregory,Espinheira,gespinheiraal@forbes.com,622-179-6407,729-443-4526,39 Heffernan Street,8432,196
383,Carleen,McAdam,cmcadamam@1688.com,529-259-3871,380-409-5292,660 Shoshone Trail,8432,184
384,Shanta,Oxby,soxbyan@nationalgeographic.com,444-166-4249,368-896-7285,37418 Novick Parkway,8432,80
385,Mikael,Lightbown,mlightbownao@oracle.com,724-238-4673,401-788-2127,00285 Claremont Junction,8432,137
386,Holli,Kochel,hkochelap@huffingtonpost.com,562-110-9546,119-227-0168,91 New Castle Hill,8432,173
387,Hildagarde,Frisch,hfrischaq@myspace.com,674-175-3293,770-650-6616,5797 Maple Wood Park,8432,184
388,Vasily,Barkworth,vbarkworthar@dyndns.org,702-227-4551,727-712-8684,59586 Moose Lane,8432,86
389,Carlee,Singh,csinghas@psu.edu,213-102-9845,906-868-1229,4 Dovetail Street,37460-000,2
390,Gifford,Holdron,gholdronat@mail.ru,232-402-1823,712-902-8430,67 Main Pass,8432,119
391,Cathie,Brittian,cbrittianau@lycos.com,754-642-5320,890-637-2896,47 Coleman Center,94100,134
392,Renata,Hayter,rhayterav@sohu.com,412-244-1039,375-270-3311,8574 Becker Parkway,24740,29
393,Ellette,Cowdery,ecowderyaw@about.me,495-609-3719,684-295-9814,0 Ronald Regan Place,8432,111
394,Vikky,Flavelle,vflavelleax@yandex.ru,631-668-6203,539-721-3644,8 Homewood Junction,8432,111
395,Tyrus,Gatherell,tgatherellay@wired.com,815-975-7757,305-694-0324,89 Hoffman Avenue,P75,190
396,Lammond,Peplow,lpeplowaz@google.com.br,953-838-1546,499-582-9209,9883 Lawn Terrace,8432,101
397,Gwyneth,MacClay,gmacclayb0@vimeo.com,520-654-6602,633-775-2721,005 Loomis Road,8432,117
398,Veradis,Crawcour,vcrawcourb1@posterous.com,739-337-1693,713-378-9551,4 Vera Center,8432,100
399,Keene,Daulby,kdaulbyb2@weather.com,303-254-4157,147-907-9202,28 Warbler Crossing,8432,120
400,Ainslee,Alekseev,aalekseevb3@google.com.au,257-270-9245,496-395-7904,51 Merry Drive,8432,170
401,Chickie,Ruane,cruaneb4@aboutads.info,998-872-2086,236-783-3166,08 Dawn Trail,4415-005,110
402,Demetri,Wetherick,dwetherickb5@reference.com,483-819-0860,197-926-2976,9944 Clyde Gallagher Hill,33405,171
403,Karim,Tomsu,ktomsub6@addtoany.com,938-321-0894,168-471-7391,38 Fordem Crossing,8432,70
404,Trixi,Tregunna,ttregunnab7@sun.com,799-259-8993,708-357-0854,43 Kinsman Center,2434,185
405,Rufus,Orts,rortsb8@nymag.com,747-800-2061,717-951-9492,19 Kenwood Terrace,8432,170
406,Guenna,Deporte,gdeporteb9@g.co,851-695-1903,747-440-4049,9 Commercial Place,8432,188
407,Alexander,Rignoldes,arignoldesba@weebly.com,895-771-2834,617-344-9946,9139 Quincy Drive,40411,106
408,Shelly,Buchett,sbuchettbb@webeden.co.uk,552-885-4604,824-710-2977,5873 Sutherland Way,8432,96
409,Ozzy,Jull,ojullbc@last.fm,250-232-3802,678-843-4250,859 Alpine Street,8432,28
410,Tiena,Pasticznyk,tpasticznykbd@ihg.com,831-282-0574,273-942-5561,79 Mallory Street,8432,38
411,Alyss,Bonefant,abonefantbe@surveymonkey.com,200-108-8778,887-617-5894,497 Bluejay Parkway,8432,15
412,Nelle,Cammacke,ncammackebf@bloomberg.com,447-456-1653,813-747-4120,6555 Montana Plaza,8432,64
413,Drew,Camis,dcamisbg@omniture.com,606-809-5623,891-958-8551,823 North Junction,8432,38
414,Corinna,Tringham,ctringhambh@oracle.com,518-680-0333,997-329-9528,60449 Prairie Rose Point,8432,68
415,Danit,FitzGeorge,dfitzgeorgebi@nhs.uk,605-234-9255,318-165-4779,8006 Roxbury Plaza,70762,97
416,Dyann,Marcroft,dmarcroftbj@home.pl,891-209-9045,872-156-0565,929 Holy Cross Avenue,8432,28
417,Earl,Tenpenny,etenpennybk@abc.net.au,209-606-9648,860-244-9302,9313 Westend Court,9580,26
418,Nathanial,Burberry,nburberrybl@state.tx.us,257-786-0762,570-851-9086,5 Bobwhite Hill,8432,41
419,Robin,Elam,relambm@google.co.uk,869-440-9346,364-630-5661,1930 Clemons Alley,75321 CEDEX 07,102
420,Cosmo,McLaren,cmclarenbn@themeforest.net,355-391-9058,508-201-0993,71 Rusk Circle,8432,160
421,Winifield,Cobon,wcobonbo@npr.org,218-369-9094,792-682-4431,79469 Aberg Road,8432,79
422,Wendi,Swanger,wswangerbp@youtu.be,193-131-7343,737-285-8633,1 Fairview Pass,633160,182
423,Earvin,Willows,ewillowsbq@scribd.com,246-711-3803,351-558-2747,70076 West Trail,15740,101
424,Jerrine,Guerreru,jguerrerubr@businesswire.com,451-870-0425,290-176-9907,874 School Drive,8432,42
425,Adelle,Dyble,adyblebs@dedecms.com,731-669-9218,403-410-2303,085 Mesta Junction,660126,48
426,Ailina,Maynard,amaynardbt@twitpic.com,529-844-9375,652-546-7090,24177 Fremont Court,8432,58
427,Daffie,Garrat,dgarratbu@mail.ru,412-403-3374,948-771-3068,094 Carberry Lane,K2R,70
428,Claudie,Huddart,chuddartbv@myspace.com,632-289-8521,856-158-1109,933 Pawling Pass,8432,107
429,Crystal,Coole,ccoolebw@about.me,723-435-4632,861-815-5924,6 Goodland Court,111711,93
430,Dunn,Mc Ilory,dmcilorybx@skype.com,552-916-6967,131-708-9565,99879 Butterfield Park,8432,143
431,Agathe,Knappen,aknappenby@tinypic.com,290-109-0785,419-751-5285,9 Magdeline Pass,7204,112
432,Karole,Benne,kbennebz@123-reg.co.uk,453-430-4502,693-167-0751,947 Beilfuss Hill,38600-000,119
433,Cassius,Squibbes,csquibbesc0@msn.com,120-361-8089,670-989-1049,8 Havey Avenue,D12,157
434,Suzi,Jack,sjackc1@ftc.gov,308-309-3249,143-452-5641,002 Kim Road,37460-000,61
435,Janifer,Capelen,jcapelenc2@unc.edu,642-693-2820,424-275-8531,05412 Eliot Plaza,11511,159
436,Josee,Foch,jfochc3@house.gov,952-861-3263,250-807-5777,64 Dorton Crossing,8432,166
437,Florentia,Tabourier,ftabourierc4@blog.com,918-227-7297,741-141-1341,36 Mcbride Park,8432,104
438,Hector,Bim,hbimc5@digg.com,304-641-6690,897-858-1226,21444 6th Avenue,1605,5
439,Vinni,Egdal,vegdalc6@craigslist.org,513-516-2579,436-942-0780,73 Oak Valley Terrace,8432,141
440,Jaquith,Weond,jweondc7@ted.com,361-518-3580,330-198-4499,0 Pond Hill,8432,50
441,Cathi,Verson,cversonc8@rambler.ru,722-301-1012,576-603-1196,91126 American Ash Terrace,4520-509,55
442,Clair,Twomey,ctwomeyc9@chronoengine.com,367-407-1405,497-765-5587,406 Ohio Plaza,8432,45
443,Avis,Evennett,aevennettca@jugem.jp,796-135-2823,877-534-4103,00 West Center,A85,32
444,Saleem,Kilgrove,skilgrovecb@businessweek.com,299-348-6638,703-348-1323,7 Hudson Road,50923,198
445,Kylynn,Witnall,kwitnallcc@plala.or.jp,667-584-2669,168-124-2320,5720 Thackeray Road,95000-000,109
446,Esra,Dracey,edraceycd@xing.com,436-906-7069,369-597-4945,9 Sunfield Center,8432,166
447,Desmund,Stickens,dstickensce@ustream.tv,478-346-4334,116-959-2556,08 Ridge Oak Lane,8432,141
448,Betta,Ferriday,bferridaycf@cbc.ca,640-507-1641,298-698-7437,98 Maywood Street,624936,5
449,Calypso,Lodford,clodfordcg@php.net,309-366-8909,806-519-2087,1741 Vermont Street,9505,174
450,Debbie,Hedde,dheddech@icio.us,220-363-6792,175-802-7974,7 Dorton Street,574 91,192
451,Feliks,Fourcade,ffourcadeci@exblog.jp,252-681-1240,933-912-7104,6162 Chive Center,7600,166
452,Agnesse,Fellgett,afellgettcj@ox.ac.uk,336-793-8896,662-944-7825,0867 Logan Junction,202038,35
453,Edna,Ditchfield,editchfieldck@washingtonpost.com,618-495-0881,347-421-5804,739 Riverside Place,3950,190
454,Josey,Melbert,jmelbertcl@linkedin.com,772-662-9660,973-392-5881,7 Sycamore Avenue,8432,47
455,Tymothy,Lindell,tlindellcm@indiatimes.com,510-889-4330,105-350-8176,05294 Stone Corner Way,59444 CEDEX,189
456,Hewe,Caldicott,hcaldicottcn@blogspot.com,889-674-1041,647-126-7661,7298 Tennyson Trail,8432,103
457,Mercie,Elmes,melmesco@narod.ru,855-621-0826,278-287-8937,325 Almo Court,1801,180
458,Bobby,Vella,bvellacp@wikimedia.org,115-824-4238,506-353-3171,00 Badeau Lane,8432,26
459,Olin,Hubbucke,ohubbuckecq@yelp.com,167-418-9346,910-652-2634,3180 Buhler Way,8432,177
460,Donelle,Lynes,dlynescr@sbwire.com,881-564-7621,645-294-9868,9135 Emmet Point,8432,95
461,Brody,Pierse,bpiersecs@cbslocal.com,739-540-1159,564-480-5623,62 Holy Cross Pass,8432,59
462,Harold,Edge,hedgect@ustream.tv,344-677-2399,297-797-3349,5594 Gulseth Pass,8432,50
463,Perren,Fifoot,pfifootcu@china.com.cn,799-492-2922,291-978-5087,9 Farmco Alley,97254 CEDEX,26
464,Dulcie,Fedder,dfeddercv@mysql.com,964-929-6215,188-445-4919,72903 Namekagon Terrace,P56,20
465,Bren,Watkinson,bwatkinsoncw@dion.ne.jp,846-273-1452,156-470-8704,54 Dahle Hill,67-300,81
466,Consolata,Dibley,cdibleycx@dmoz.org,676-382-7297,288-381-0098,99002 Messerschmidt Street,8432,38
467,Kristyn,Thackston,kthackstoncy@tuttocitta.it,793-504-6083,975-693-7344,10949 Arapahoe Circle,8432,148
468,Salli,Pavlitschek,spavlitschekcz@whitehouse.gov,529-983-3278,192-778-8195,35 Graedel Circle,403060,120
469,Thelma,Bart,tbartd0@seattletimes.com,413-657-5976,531-853-3081,1 Barby Junction,8432,97
470,Sapphira,Choulerton,schoulertond1@nytimes.com,182-867-6595,527-796-4909,3 Shasta Park,8432,153
471,Marsiella,Bukac,mbukacd2@uol.com.br,455-349-6946,184-763-6478,34321 Kenwood Pass,8432,3
472,Annelise,Asey,aaseyd3@columbia.edu,213-491-4567,607-924-6493,644 Red Cloud Way,253608,197
473,Irwin,Risborough,irisboroughd4@twitter.com,184-709-6115,774-821-4231,90 Bashford Hill,264 01,132
474,Shayna,Cubitt,scubittd5@cnbc.com,370-544-8593,436-940-5380,4822 Leroy Parkway,8432,59
475,Toiboid,Seger,tsegerd6@homestead.com,748-568-9461,688-173-5960,030 Bay Terrace,8432,167
476,Avivah,Bargery,abargeryd7@ow.ly,670-483-4619,918-522-3614,45878 Rusk Terrace,8432,82
477,Arline,Idney,aidneyd8@addthis.com,492-987-9249,966-203-5076,15773 Becker Avenue,347554,187
478,Phyllys,Lowings,plowingsd9@un.org,527-715-6048,157-757-9172,26 Vermont Circle,2360,125
479,Farleigh,Bovingdon,fbovingdonda@princeton.edu,775-730-3812,245-625-6514,729 Banding Lane,850 09,40
480,Emanuele,Lamburne,elamburnedb@nature.com,699-711-2921,224-428-4305,18097 Mendota Way,37-310,11
481,Padraic,Sigars,psigarsdc@soundcloud.com,919-233-7159,827-384-8317,1 Eliot Parkway,4848,50
482,Jacquetta,Iacobassi,jiacobassidd@earthlink.net,840-458-8467,135-901-4129,8 Lighthouse Bay Drive,8432,181
483,Sammy,Daniels,sdanielsde@biblegateway.com,801-778-5711,159-790-2694,726 Rusk Pass,8432,164
484,Devonne,Gladstone,dgladstonedf@buzzfeed.com,389-613-0512,362-982-2799,634 Oriole Hill,353673,124
485,Rayshell,Godin,rgodindg@ovh.net,117-795-7242,608-603-4021,1 Colorado Crossing,30201,35
486,Joey,Abbet,jabbetdh@nhs.uk,737-835-3552,226-664-7566,43 Mayfield Circle,8432,14
487,Cristionna,Carbin,ccarbindi@sciencedaily.com,706-818-4683,751-920-3356,4 Mitchell Court,934-0099,195
488,Hurlee,Barkus,hbarkusdj@issuu.com,479-899-2334,568-992-7151,3 Quincy Trail,2420,37
489,Dewitt,Boylan,dboylandk@about.me,523-730-6164,490-422-9603,52767 Walton Road,7314,62
490,Clemence,Passby,cpassbydl@blogspot.com,250-614-8902,615-136-6327,69531 Superior Crossing,32-340,194
491,Britni,Gresser,bgresserdm@issuu.com,589-994-0279,482-922-7368,22646 Dovetail Parkway,8432,141
492,Doloritas,Cowlard,dcowlarddn@symantec.com,435-649-1729,520-203-3574,5480 Amoth Drive,453019,184
493,Abbey,Niset,anisetdo@toplist.cz,583-400-8918,122-486-2779,50 Pankratz Road,4755-578,133
494,Clarinda,Egglestone,cegglestonedp@ucoz.ru,285-616-0614,605-192-2166,129 Declaration Court,87426,85
495,Hilary,Snewin,hsnewindq@comsenz.com,438-371-5482,223-737-9263,9593 Fieldstone Park,8432,168
496,Wyatt,Attewill,wattewilldr@163.com,927-236-8506,651-278-0492,23085 Lukken Drive,8432,196
497,Nalani,Gilardoni,ngilardonids@senate.gov,133-979-6440,169-789-3210,78671 Vidon Terrace,687587,146
498,Alma,Poundford,apoundforddt@typepad.com,586-703-3962,815-138-4028,35 Cambridge Center,8432,171
499,Theodoric,Ventom,tventomdu@ezinearticles.com,895-924-8832,599-274-6076,30673 Mesta Trail,612450,160
500,Gwenni,Dacres,gdacresdv@cpanel.net,998-484-0540,798-529-6260,0 Fuller Avenue,612720,156
501,Lamont,Critchley,lcritchleydw@ocn.ne.jp,262-523-6322,105-368-4130,72875 School Circle,8432,116
502,Aline,Edridge,aedridgedx@themeforest.net,602-637-4060,410-630-3953,7292 Manley Place,92320,100
503,Gaby,Code,gcodedy@trellian.com,521-170-7566,896-999-0990,690 Darwin Avenue,33060 CEDEX,4
504,Kyrstin,Ambrogelli,kambrogellidz@google.com.hk,530-603-9135,557-224-6945,72640 Parkside Street,8432,113
505,Effie,Morter,emortere0@comcast.net,547-494-9911,944-227-2791,79 Hagan Alley,8432,115
506,Daffi,Cabral,dcabrale1@google.ca,430-332-8715,565-529-8615,47 Scofield Junction,8432,133
507,Ollie,Messitt,omessitte2@liveinternet.ru,257-367-4015,251-597-3803,0 Buena Vista Avenue,8432,125
508,Phineas,Engel,pengele3@ameblo.jp,265-349-1295,392-709-2671,4 Hooker Court,8432,65
509,Preston,Garrie,pgarriee4@mac.com,241-956-5908,832-672-2078,168 Mccormick Junction,8432,132
510,Miles,Danby,mdanbye5@theguardian.com,497-538-8708,505-672-6492,9 Messerschmidt Street,D12,85
511,Tulley,Lowes,tlowese6@nytimes.com,428-811-5845,342-467-1117,73 Corben Drive,8432,109
512,Gibb,Custance,gcustancee7@rambler.ru,325-133-5782,891-619-4782,78 Armistice Parkway,3007,176
513,Chas,Guppey,cguppeye8@infoseek.co.jp,118-892-7494,444-149-5645,4 Waywood Center,462800,164
514,Leeland,McLachlan,lmclachlane9@cloudflare.com,915-657-9732,917-786-0767,4 Bultman Court,8432,127
515,Kalina,Housego,khousegoea@npr.org,570-714-4377,499-861-4085,5 Nancy Terrace,1002,130
516,Reta,Spellacy,rspellacyeb@rambler.ru,539-528-9110,713-761-1260,8516 Bellgrove Center,4640,16
517,Jaye,Inman,jinmanec@desdev.cn,810-527-5455,596-543-0237,5636 Dapin Trail,8432,166
518,Johny,Underdown,junderdowned@unicef.org,770-389-8039,749-897-4394,78382 Caliangt Court,3308,102
519,Tamas,Lofthouse,tlofthouseee@bbb.org,122-629-6374,974-777-8552,1 Oxford Pass,77-141,11
520,Cass,Osman,cosmanef@hibu.com,316-108-6020,644-370-1442,838 Messerschmidt Drive,806 43,124
521,Saloma,Garoghan,sgaroghaneg@tinypic.com,594-942-8497,734-908-3013,0708 Crownhardt Crossing,8432,16
522,Kinna,Sturgess,ksturgesseh@xrea.com,956-455-6276,698-782-0444,84062 Bluestem Point,8432,142
523,Dulciana,Tytherton,dtythertonei@webeden.co.uk,435-593-0769,935-844-4050,54 Lake View Terrace,83-010,77
524,Elysia,Elmes,eelmesej@yellowbook.com,268-356-7296,968-557-4741,8 Annamark Drive,8432,106
525,Ashia,Tirrey,atirreyek@posterous.com,291-343-4704,900-517-2892,7 Mcbride Crossing,8432,114
526,Cello,Stoney,cstoneyel@gov.uk,294-453-2884,253-454-8467,527 Garrison Way,512 24,182
527,Ronnica,Meah,rmeahem@lulu.com,918-685-5677,814-704-4281,70 Carberry Trail,8432,30
528,Hieronymus,Chafer,hchaferen@examiner.com,402-839-9046,271-309-5158,5519 Paget Park,8432,27
529,Garry,Dumberell,gdumberelleo@blogspot.com,637-141-5602,641-877-0132,6 Fairview Junction,9712,128
530,Orren,Dellit,odellitep@i2i.jp,210-919-7807,542-432-2028,57968 Acker Terrace,8432,134
531,Hyacinth,Rubinlicht,hrubinlichteq@pinterest.com,983-380-4663,902-888-4309,2 Tomscot Park,8432,57
532,Reine,Stains,rstainser@ezinearticles.com,824-503-1561,358-104-4942,387 Carpenter Place,8432,91
533,Marylinda,McCreery,mmccreeryes@nationalgeographic.com,329-623-1977,749-183-2680,5358 Springs Center,366101,2
534,Davey,Bigley,dbigleyet@dyndns.org,718-582-7805,354-481-0328,02 Kim Park,18005,103
535,Frannie,Bonar,fbonareu@craigslist.org,236-677-6194,528-679-0270,233 Oakridge Hill,271 22,100
536,Burton,Treverton,btrevertonev@hugedomains.com,307-381-5767,266-311-3671,871 Delladonna Terrace,8432,174
537,Tish,Baldry,tbaldryew@vinaora.com,623-314-2737,457-247-5715,46983 Scott Trail,8432,84
538,Abbot,Hadwin,ahadwinex@i2i.jp,821-893-4700,661-500-5453,54 International Pass,1658,200
539,Timi,Kielty,tkieltyey@usda.gov,261-682-8409,120-929-1315,5470 Pawling Crossing,8432,185
540,Maryl,Vossing,mvossingez@wix.com,362-785-5313,372-461-7725,5 Annamark Alley,8432,79
541,Joel,Lebourn,jlebournf0@bing.com,159-654-0251,735-614-2255,118 Anhalt Junction,533 04,71
542,Wynnie,Warsop,wwarsopf1@ed.gov,906-793-0813,796-483-7272,102 Amoth Hill,19470-000,92
543,Keane,Jeves,kjevesf2@seattletimes.com,290-184-7186,967-428-9258,9046 Sachs Trail,8432,157
544,Hymie,Hambrick,hhambrickf3@fda.gov,609-524-0841,535-362-5787,987 Hintze Street,5202,91
545,Caesar,Livsey,clivseyf4@furl.net,304-999-7483,356-861-9472,7 Division Park,25389,158
546,Augustine,Keatch,akeatchf5@dot.gov,370-839-1561,205-453-0903,6 Sachs Alley,721 00,169
547,Ros,Findley,rfindleyf6@barnesandnoble.com,974-913-6877,561-699-2809,9 Troy Way,2810,135
548,Aloin,Seedman,aseedmanf7@furl.net,450-885-2183,272-537-2903,021 Morning Terrace,44-247,160
549,Mortie,Skough,mskoughf8@google.pl,632-806-0205,213-725-2764,5 Village Center,0315,83
550,Jilleen,Dowderswell,jdowderswellf9@liveinternet.ru,946-581-9536,622-758-1221,9502 3rd Street,8432,126
551,Linea,Cornwell,lcornwellfa@cbc.ca,937-490-8996,274-347-6497,74 Morrow Parkway,4224,178
552,Lek,Everix,leverixfb@stumbleupon.com,891-950-0138,275-800-1895,2 Towne Place,86964 CEDEX,152
553,Franchot,Matys,fmatysfc@t.co,402-780-6286,389-771-0093,79681 Rusk Point,17230-000,21
554,Dulcine,Lynes,dlynesfd@yale.edu,875-190-4117,238-769-9675,2 Starling Center,18005,84
555,Andriette,Malyj,amalyjfe@parallels.com,537-961-8734,282-699-0926,269 Rigney Pass,8432,142
556,Bartram,Duchenne,bduchenneff@cdc.gov,242-306-1363,871-152-3014,380 Havey Circle,8432,68
557,Neils,Heimann,nheimannfg@state.gov,481-541-0622,837-725-1713,37661 Jana Way,8432,85
558,Simeon,Gomme,sgommefh@wikispaces.com,362-688-8796,161-559-6931,54 Dayton Road,8432,39
559,Angelo,Silby,asilbyfi@mit.edu,846-500-0366,529-800-0867,06 Talisman Junction,8432,116
560,Kaspar,Orniz,kornizfj@dailymotion.com,567-863-9679,575-353-7119,4941 Delaware Parkway,8432,145
561,Patricio,Scogings,pscogingsfk@economist.com,604-226-2345,535-796-3744,43114 Troy Way,8432,199
562,Merwin,Halpin,mhalpinfl@google.co.jp,522-656-2628,503-116-6452,2278 Northland Drive,8432,69
563,Engelbert,McGragh,emcgraghfm@europa.eu,797-485-8182,678-552-9881,08 Brickson Park Road,22-672,174
564,Wally,Cheshire,wcheshirefn@blogtalkradio.com,987-574-1733,692-181-8697,64827 Lawn Crossing,446587,175
565,Corrianne,Hrinchenko,chrinchenkofo@google.com.au,447-863-1257,130-902-1238,5722 Eagan Terrace,8432,166
566,Lucio,Kose,lkosefp@studiopress.com,578-517-7870,482-422-9926,55955 Union Center,8432,145
567,Kirby,Garz,kgarzfq@meetup.com,255-269-5868,353-833-0526,82 Bultman Drive,8432,180
568,Andee,Lettuce,alettucefr@scientificamerican.com,805-811-4513,512-578-2651,2 Texas Parkway,8432,11
569,Merridie,Maudson,mmaudsonfs@foxnews.com,109-938-0417,295-979-3474,51276 Monica Crossing,8432,61
570,Steward,Gofforth,sgofforthft@dyndns.org,675-185-7006,169-981-5070,610 Michigan Trail,8432,165
571,Sibyl,Marham,smarhamfu@unesco.org,140-882-2003,566-457-9600,60 Service Point,21450,115
572,Darren,Willavoys,dwillavoysfv@nationalgeographic.com,757-125-4718,612-605-8628,3613 Judy Point,8432,52
573,Edlin,Martt,emarttfw@geocities.jp,780-718-8479,781-905-8811,4 Menomonie Park,8432,105
574,Brittaney,Larkcum,blarkcumfx@sohu.com,171-652-1814,659-166-2535,62801 Arizona Road,8432,97
575,Mufinella,Bingley,mbingleyfy@chronoengine.com,743-695-6250,363-350-9079,61 Lunder Center,8432,3
576,Raina,Greenwood,rgreenwoodfz@state.gov,641-814-2087,757-391-8971,134 Hanover Plaza,6088,192
577,Tybalt,Medmore,tmedmoreg0@gravatar.com,444-396-5311,940-658-2915,797 Porter Court,5610,15
578,Laird,Sappy,lsappyg1@census.gov,202-218-4217,304-847-9564,7 Crowley Street,8432,67
579,Cookie,Otham,cothamg2@amazon.co.uk,203-157-4679,577-306-7050,4886 Dexter Alley,06905,86
580,Corenda,Ullrich,cullrichg3@bbb.org,185-591-1415,935-307-4753,764 Helena Way,60130,92
581,Evangeline,Elfes,eelfesg4@weather.com,259-789-1119,200-114-8309,9 Lindbergh Pass,8432,177
582,Estell,Clausen,eclauseng5@reuters.com,904-781-4299,361-593-8196,590 Caliangt Drive,8432,112
583,Emmi,Ferens,eferensg6@bbc.co.uk,385-169-2538,297-431-2418,70 Transport Place,8432,189
584,Lorrie,Dugood,ldugoodg7@t-online.de,722-234-1774,338-782-1431,4591 Stuart Road,1239,185
585,Korry,Fawltey,kfawlteyg8@youtu.be,948-972-5337,461-533-5957,181 Center Center,674230,137
586,Fidela,Ayars,fayarsg9@furl.net,253-687-0414,956-719-1759,91 East Terrace,8432,133
587,Briggs,Drew,bdrewga@webeden.co.uk,156-554-7826,859-606-4149,27427 Blue Bill Park Street,8432,117
588,Jillayne,Milley,jmilleygb@howstuffworks.com,409-184-9009,892-384-5669,72550 Banding Court,74311 CEDEX,25
589,Curcio,Olczak,colczakgc@dedecms.com,359-803-8833,931-480-2899,1462 Gale Avenue,4750-771,148
590,Bonni,Adrien,badriengd@163.com,401-674-7819,271-189-8626,0 Fairfield Circle,8432,72
591,Marlee,Crummey,mcrummeyge@vk.com,321-669-4911,833-795-0811,7712 North Way,8432,58
592,Sebastian,De la Feld,sdelafeldgf@blog.com,892-594-5951,366-752-2257,3274 Springs Alley,8432,68
593,Petronilla,Klezmski,pklezmskigg@illinois.edu,117-641-4479,616-738-4260,9874 Almo Street,8432,88
594,Arlinda,Mehew,amehewgh@smh.com.au,969-347-2041,963-688-9273,3401 Lakewood Gardens Drive,95940-000,168
595,Trenna,Seago,tseagogi@shutterfly.com,325-683-8329,479-442-1814,16210 International Avenue,8432,84
596,Kora,Shenfish,kshenfishgj@webs.com,212-645-0338,114-350-9488,0 Monterey Pass,8432,191
597,Walton,Pass,wpassgk@etsy.com,947-804-1413,835-805-7709,6 Maywood Avenue,8432,76
598,Loreen,Kingzett,lkingzettgl@arizona.edu,663-694-9504,115-738-0663,75246 Ohio Road,8432,7
599,Barron,Willoughway,bwilloughwaygm@webnode.com,504-430-1449,525-629-5778,6154 Eagan Park,8432,25
600,Robbyn,Mackrell,rmackrellgn@netscape.com,417-260-7610,499-696-7697,807 Gateway Park,8432,116
601,Torrance,Frantsev,tfrantsevgo@gizmodo.com,334-919-5138,484-487-4912,792 Roxbury Pass,8432,182
602,Tom,Keunemann,tkeunemanngp@usgs.gov,823-809-4558,940-776-5497,1274 Ramsey Drive,92974 CEDEX,141
603,Kennith,Coveny,kcovenygq@omniture.com,574-239-3664,374-618-8469,1 Crest Line Place,8432,95
604,Mercedes,Maken,mmakengr@fda.gov,543-281-6579,345-447-8065,63 Summit Road,8432,99
605,Carree,Arundale,carundalegs@europa.eu,237-607-4021,577-388-3225,6 Hazelcrest Way,8432,79
606,Theda,Golsworthy,tgolsworthygt@indiatimes.com,593-727-8279,640-706-1363,5923 Raven Lane,8432,82
607,Rufe,Thorius,rthoriusgu@soup.io,179-759-6830,894-968-9053,462 Roth Plaza,442830,29
608,Gael,Grumell,ggrumellgv@wufoo.com,659-202-9977,360-570-2645,5 Trailsway Alley,738 34,40
609,Cate,Stubley,cstubleygw@ebay.co.uk,989-326-7502,749-457-9232,48 La Follette Trail,692608,165
610,Marielle,Wallage,mwallagegx@issuu.com,305-429-4811,860-977-8578,8035 Talisman Lane,8432,190
611,Valina,Terne,vternegy@unesco.org,559-161-2206,817-648-0802,43968 8th Drive,747-1111,181
612,Jaimie,Leipoldt,jleipoldtgz@histats.com,161-999-1755,141-571-7129,8971 Arizona Place,8432,29
613,Winny,Rilton,wriltonh0@drupal.org,521-670-5277,720-939-6633,7 Weeping Birch Hill,8432,100
614,Katha,Perillo,kperilloh1@sphinn.com,591-465-9731,374-712-1782,403 East Road,2530-342,36
615,Pascale,Sneezum,psneezumh2@bbc.co.uk,785-755-6117,400-906-4772,2 Meadow Ridge Circle,5020,118
616,Ashia,Summerskill,asummerskillh3@delicious.com,903-830-0963,226-928-0265,1 Riverside Plaza,4999,152
617,Malynda,Freestone,mfreestoneh4@nba.com,357-148-9655,796-749-2653,92614 Butternut Crossing,8432,61
618,Georgi,Wilfling,gwilflingh5@friendfeed.com,890-735-1009,362-182-2824,8 Goodland Avenue,921 41,168
619,Nichole,Capstake,ncapstakeh6@aol.com,544-747-0681,741-772-6893,2 Sycamore Circle,399505,48
620,Guido,Bryns,gbrynsh7@mediafire.com,895-879-5546,777-310-4163,48106 Waubesa Alley,8432,139
621,Junina,Selvey,jselveyh8@blog.com,723-448-9042,576-617-0070,922 Sachtjen Hill,8432,118
622,Alvira,Cancelier,acancelierh9@sina.com.cn,883-486-7848,299-539-8964,89439 Reinke Lane,3973,59
623,Johnna,Richardot,jrichardotha@ycombinator.com,345-193-7356,916-127-1948,6 Melrose Road,8432,178
624,Gregoire,Rowntree,growntreehb@theatlantic.com,931-387-5940,237-360-6738,21 Helena Lane,8432,196
625,Marylinda,Ivanin,mivaninhc@sfgate.com,886-808-4206,180-191-4432,466 Petterle Park,8432,154
626,Alicea,Klemz,aklemzhd@walmart.com,308-226-8440,407-344-4524,90 Eliot Alley,8432,174
627,Lil,Vitall,lvitallhe@prnewswire.com,613-192-6154,194-125-1671,8344 South Circle,8421,2
628,Carolynn,Deporte,cdeportehf@google.de,986-694-2487,809-554-2716,4 Calypso Trail,8432,23
629,Finlay,Worham,fworhamhg@123-reg.co.uk,336-875-2769,685-469-0320,52 Blackbird Plaza,8432,113
630,Helena,De Maria,hdemariahh@1und1.de,581-641-3996,413-335-2589,197 Lillian Court,8432,80
631,Toiboid,Stocker,tstockerhi@zdnet.com,421-157-1828,543-970-2932,71630 Buhler Center,8432,38
632,Julie,Kemmett,jkemmetthj@wufoo.com,165-984-2094,246-265-5674,2 Bobwhite Terrace,8432,176
633,Tracey,Kemwall,tkemwallhk@live.com,478-165-4049,697-214-8194,53745 Washington Hill,8432,131
634,Farleigh,Allnatt,fallnatthl@nba.com,631-786-7126,187-689-1349,2345 Bay Alley,8432,175
635,Maggy,Schindler,mschindlerhm@discovery.com,953-584-8904,951-753-0430,8955 Scofield Point,8432,13
636,Karina,Tabary,ktabaryhn@wisc.edu,269-942-8202,278-764-4790,8989 Pleasure Terrace,606243,167
637,Vivianne,Cutforth,vcutforthho@nifty.com,603-483-3594,816-286-6303,8636 Anhalt Alley,88350-000,75
638,Butch,Speariett,bspearietthp@wufoo.com,806-120-1591,422-500-0880,03015 Dawn Circle,8432,90
639,Tiffani,Officer,tofficerhq@trellian.com,572-800-2949,809-790-4598,9074 Spohn Road,671410,113
640,Krystalle,Fladgate,kfladgatehr@hao123.com,521-725-0046,310-432-2099,186 Fallview Place,8432,54
641,Keenan,Puddicombe,kpuddicombehs@un.org,169-118-3445,432-818-0693,586 Heffernan Parkway,8432,75
642,Catharina,Langfield,clangfieldht@princeton.edu,259-371-2332,316-555-7160,48 Kingsford Road,3204,116
643,Emeline,Schiell,eschiellhu@jugem.jp,470-467-5239,271-444-4464,07 Algoma Way,6149,194
644,Palm,Enrietto,penriettohv@washington.edu,172-365-3973,121-467-9367,7 Florence Terrace,8432,111
645,Eleen,Olle,eollehw@examiner.com,491-404-7922,352-818-6812,3 Gateway Park,8432,100
646,Nanci,Hessay,nhessayhx@craigslist.org,472-304-1456,826-294-2262,05333 Algoma Plaza,1480,189
647,Brynna,Boord,bboordhy@canalblog.com,450-691-3050,914-594-7077,5658 Carpenter Terrace,8432,149
648,Rachelle,Astlet,rastlethz@techcrunch.com,297-489-6418,490-640-8336,10 Redwing Center,2418,53
649,Kristy,Doles,kdolesi0@ucoz.ru,620-667-0919,261-516-6410,42 Brentwood Avenue,0323,99
650,Angel,Lissandrini,alissandrinii1@house.gov,117-240-0608,525-753-9416,3 Dottie Junction,687 22,190
651,Bernhard,Le Teve,bletevei2@mail.ru,202-514-1778,788-931-1426,9248 Kings Terrace,9607,157
652,Fitzgerald,Form,fformi3@cdc.gov,264-755-4945,348-385-0259,1 Bunting Road,3025-592,1
653,Wat,Burwin,wburwini4@discovery.com,300-722-2474,840-928-8800,658 Pawling Road,84-120,107
654,Anders,Cobbin,acobbini5@globo.com,323-605-5412,622-192-9913,56 Vera Hill,8432,70
655,Krispin,Alejandri,kalejandrii6@oakley.com,808-889-6686,286-954-3969,53465 Manley Drive,8432,132
656,Vale,McKerlie,vmckerliei7@microsoft.com,296-407-3105,755-934-1613,970 Waywood Street,9272,160
657,Berget,Doust,bdousti8@goodreads.com,807-981-8624,822-433-5982,9 Little Fleur Drive,8432,51
658,Noble,McOwen,nmcoweni9@tripod.com,514-653-0053,584-721-6605,73 Mcbride Junction,197738,155
659,Adam,MacMeekan,amacmeekania@indiatimes.com,752-795-4919,604-120-3625,3 Becker Parkway,8432,89
660,Araldo,Duncanson,aduncansonib@chicagotribune.com,961-456-3662,620-500-7959,812 Buena Vista Circle,23-231,50
661,Cosette,Ardley,cardleyic@blogspot.com,455-229-0483,781-441-1001,90708 Commercial Crossing,3706,148
662,Artemas,Souley,asouleyid@phpbb.com,984-606-5498,424-872-2910,63283 Cardinal Place,8432,181
663,Hobard,De Hooge,hdehoogeie@foxnews.com,335-404-4529,589-472-6499,51 Mandrake Circle,8432,51
664,Lynsey,Balchen,lbalchenif@rakuten.co.jp,800-370-1192,313-667-8825,4 Crescent Oaks Point,8432,51
665,Horten,Wanklyn,hwanklynig@economist.com,853-615-9728,523-311-1600,3018 Messerschmidt Center,8432,189
666,Lowe,Bettlestone,lbettlestoneih@ow.ly,858-460-8933,151-624-6162,54702 Corry Drive,8432,36
667,Buffy,Scutchings,bscutchingsii@webs.com,795-677-9848,910-103-2406,01605 Old Shore Hill,13802 CEDEX,80
668,Ricard,Iwanicki,riwanickiij@reuters.com,175-345-1839,915-808-0798,904 Dorton Lane,8432,111
669,Garreth,Woolway,gwoolwayik@rambler.ru,461-585-0734,399-401-6187,56048 Grim Parkway,1257,24
670,Bartholomeo,Senton,bsentonil@joomla.org,138-645-6244,552-923-1432,2 Farwell Alley,25071 CEDEX 9,69
671,Vina,Fryd,vfrydim@nydailynews.com,659-333-7246,718-829-1896,56917 Towne Court,8432,112
672,Xaviera,Toten,xtotenin@artisteer.com,502-818-3527,952-216-6917,97625 Tennessee Pass,8432,3
673,Edan,McCutcheon,emccutcheonio@un.org,449-242-6352,238-379-1368,778 Northview Park,8432,72
674,Janot,Stroder,jstroderip@answers.com,599-107-8758,384-949-7763,8986 Steensland Court,93-524,140
675,Morgan,Westcar,mwestcariq@blogtalkradio.com,721-105-3264,934-553-6621,39952 Northfield Trail,62-620,171
676,Olive,Brazenor,obrazenorir@acquirethisname.com,959-245-3018,563-282-5134,37 Pond Pass,686058,40
677,Broddy,Fischer,bfischeris@msn.com,680-776-4901,413-396-2807,5 Bartelt Hill,8432,89
678,Whitman,OGlassane,woglassaneit@yelp.com,233-138-0140,779-337-2105,17704 Grasskamp Parkway,4123,65
679,Coralyn,Upton,cuptoniu@theglobeandmail.com,544-334-4329,889-213-4239,6 Roxbury Drive,8432,12
680,Isiahi,Bute,ibuteiv@amazon.co.jp,434-184-4748,207-572-8185,943 Westridge Trail,8432,165
681,Anselma,Allabarton,aallabartoniw@weibo.com,937-389-9314,927-937-5957,35469 Muir Court,37-522,159
682,Stephani,Impleton,simpletonix@omniture.com,572-111-9158,523-346-8527,88 Raven Lane,8432,179
683,Caye,Kimbley,ckimbleyiy@freewebs.com,143-179-4828,371-341-0444,6 Rutledge Alley,00171,32
684,Celestyna,Conkling,cconklingiz@de.vu,681-770-1209,760-138-7842,0607 Glacier Hill Parkway,8432,137
685,Dallas,Muck,dmuckj0@posterous.com,563-695-2032,975-892-5141,169 Di Loreto Court,65540-000,133
686,Glynis,Parkins,gparkinsj1@unblog.fr,529-934-4720,750-142-5123,757 Marcy Parkway,8432,37
687,Beniamino,Vokins,bvokinsj2@sun.com,629-328-6609,693-549-5695,800 Hoepker Junction,18550-000,196
688,Adolphus,Puddan,apuddanj3@toplist.cz,624-876-2000,668-481-7681,58 Walton Trail,8432,81
689,Sherri,Farrer,sfarrerj4@pcworld.com,913-891-9493,566-450-8038,74 Goodland Terrace,612 80,172
690,Alexandr,Vallow,avallowj5@sbwire.com,225-437-5305,459-440-8150,9 Corscot Place,8432,178
691,Forester,Stute,fstutej6@hc360.com,914-212-9324,581-908-7096,81 Ilene Park,8432,128
692,Kerr,Whenman,kwhenmanj7@tumblr.com,986-530-3049,835-877-3837,552 Moland Pass,58910,32
693,Deirdre,Pillans,dpillansj8@wp.com,663-696-2607,182-139-9790,696 Union Parkway,8432,115
694,Sheeree,MacBarron,smacbarronj9@ftc.gov,339-267-6172,918-156-9090,91 Commercial Street,01114,198
695,Shari,Lethlay,slethlayja@ucoz.com,617-775-3833,787-519-4998,4847 Messerschmidt Hill,8432,84
696,Rheba,Galsworthy,rgalsworthyjb@networkadvertising.org,913-478-0262,717-216-3311,90073 Talmadge Road,939-0751,70
697,Justino,Lough,jloughjc@drupal.org,326-155-4506,260-769-0097,5 Larry Avenue,8432,197
698,Kermy,Kliesl,kkliesljd@nifty.com,373-736-2302,382-962-4788,01 Tennyson Lane,8432,119
699,Kass,Tomala,ktomalaje@telegraph.co.uk,583-819-8533,768-530-3825,1693 Parkside Hill,346017,153
700,Clementia,Platfoot,cplatfootjf@zimbio.com,609-537-8199,751-275-2849,8 Hagan Center,8432,130
701,Dorothea,Skeel,dskeeljg@e-recht24.de,959-443-9275,654-611-4299,9 Wayridge Way,8432,16
702,Amelia,Spitell,aspitelljh@tamu.edu,633-971-7254,280-347-2092,7 Ilene Center,8432,163
703,Gunner,Debnam,gdebnamji@php.net,960-714-8005,695-259-7289,99066 Marquette Trail,45360-000,163
704,Tudor,Tomkinson,ttomkinsonjj@cyberchimps.com,819-601-0936,791-521-1351,088 Grayhawk Terrace,2613,57
705,Randee,Lasty,rlastyjk@whitehouse.gov,967-230-7816,384-891-4618,4 Bunker Hill Drive,P31,80
706,Baily,Skeermor,bskeermorjl@bravesites.com,779-661-6541,876-496-3652,569 Cordelia Pass,8432,93
707,Brandyn,Kayley,bkayleyjm@merriam-webster.com,598-284-7922,307-578-8915,03743 Coolidge Circle,8432,65
708,Jayme,Anders,jandersjn@prweb.com,381-186-4608,356-108-9473,612 Valley Edge Center,636465,147
709,Tildy,Waterfall,twaterfalljo@linkedin.com,805-306-0954,105-200-1788,8 Mallory Trail,93094,48
710,Sandie,Folks,sfolksjp@tiny.cc,187-171-2716,360-835-7250,0091 Village Parkway,3560,72
711,Eden,Digle,ediglejq@mozilla.org,702-688-1909,889-595-1407,9237 Cody Point,8432,122
712,Willetta,Gudgin,wgudginjr@ca.gov,822-334-7814,711-569-7909,0513 Saint Paul Lane,452555,93
713,Andreas,Boydon,aboydonjs@trellian.com,989-681-4422,351-273-3701,669 Farmco Point,176048,148
714,Britteny,Prentice,bprenticejt@wikispaces.com,900-346-4615,150-158-7421,00012 Eagan Parkway,8432,102
715,Ody,Duffil,oduffilju@studiopress.com,206-872-7953,512-951-3951,07 Michigan Parkway,23110,52
716,Verena,Torry,vtorryjv@csmonitor.com,647-820-3002,447-234-6653,240 Caliangt Center,8432,196
717,Corbin,Kolinsky,ckolinskyjw@pbs.org,496-748-3963,266-350-6135,0 Kedzie Center,30270,193
718,Deanne,Mardling,dmardlingjx@va.gov,466-493-1576,380-206-3380,88866 Alpine Plaza,853-0704,102
719,Jasper,Jull,jjulljy@miitbeian.gov.cn,784-692-2399,249-771-2294,9 Golf Course Junction,8432,50
720,Jeramey,Saunders,jsaundersjz@sakura.ne.jp,646-808-9463,204-923-0983,5969 Amoth Street,8432,149
721,Dwayne,Fipp,dfippk0@delicious.com,903-804-0056,356-971-8795,992 Scoville Terrace,8432,45
722,Ephraim,Pedrielli,epedriellik1@w3.org,414-644-6900,374-992-8480,7925 Holmberg Road,3902,184
723,Woodrow,Hymor,whymork2@g.co,125-332-1601,433-123-2067,8406 Kennedy Lane,3318,40
724,Olive,Flieger,ofliegerk3@auda.org.au,523-576-3393,116-275-9567,1010 Glacier Hill Junction,8432,75
725,Cal,Manuele,cmanuelek4@imageshack.us,224-162-7275,813-910-5476,1603 Pearson Center,8432,3
726,Morganica,Curro,mcurrok5@addthis.com,202-177-4405,135-324-8322,6018 Green Drive,83-340,34
727,Zonda,Snoad,zsnoadk6@oakley.com,855-288-8016,177-782-2095,80 Evergreen Hill,170 77,173
728,Cale,Alexandersson,calexanderssonk7@about.com,249-173-0778,110-960-8212,708 Bashford Junction,92715 CEDEX,44
729,Mara,Lindholm,mlindholmk8@patch.com,813-940-4016,384-315-0800,42029 John Wall Point,9406,154
730,Jerrie,Rowntree,jrowntreek9@altervista.org,633-610-0601,375-265-6013,8 Crest Line Avenue,4507,97
731,Inglis,Reddell,ireddellka@un.org,144-363-4356,727-277-2154,03 Summer Ridge Center,8432,127
732,Mickey,Maudett,mmaudettkb@wikia.com,781-110-4450,461-654-6378,71016 Columbus Road,96330-000,128
733,Harmon,Gierardi,hgierardikc@wikia.com,994-347-5266,147-676-5379,3 Weeping Birch Center,6015,86
734,Peirce,Legate,plegatekd@narod.ru,457-667-4786,399-722-1992,689 Ridgeview Pass,63057 CEDEX 1,184
735,Allegra,Scuse,ascuseke@unblog.fr,643-349-9560,698-750-5464,2 Porter Park,2855-162,80
736,Danielle,Pedroni,dpedronikf@pen.io,504-163-5005,788-679-5631,0929 Independence Parkway,8106,89
737,Mozelle,Molan,mmolankg@vistaprint.com,428-266-0823,383-328-7963,0435 Roth Parkway,3600-584,163
738,Clarine,Rosin,crosinkh@vimeo.com,686-453-3757,410-529-6999,797 Park Meadow Center,8432,50
739,Hinze,Swinley,hswinleyki@theatlantic.com,736-806-7240,934-559-8817,02 Jackson Parkway,8432,171
740,Clarine,Kunath,ckunathkj@spiegel.de,655-586-4238,131-638-6707,7467 Sloan Circle,3609,103
741,Vidovic,Killen,vkillenkk@marketwatch.com,195-455-5016,312-948-8626,43 Hanson Way,62577,147
742,Carr,Howen,chowenkl@seesaa.net,383-427-8444,512-182-8196,10350 Butternut Hill,11203,169
743,Valma,Mackneis,vmackneiskm@guardian.co.uk,696-426-8904,698-743-7182,9247 Del Mar Park,624127,150
744,Elvira,Mcmanaman,emcmanamankn@uol.com.br,672-477-0137,708-630-0053,0360 Debra Drive,8432,1
745,Major,Gowdy,mgowdyko@un.org,685-908-8026,714-427-0187,3649 Karstens Point,8432,86
746,Billy,Fabbro,bfabbrokp@nps.gov,983-533-3540,609-180-3251,86 Corry Crossing,958-0052,151
747,Mohandas,Gandley,mgandleykq@addthis.com,144-112-6554,241-482-2858,21 Messerschmidt Crossing,8432,150
748,Terencio,Hallawell,thallawellkr@bbc.co.uk,792-293-6990,921-688-4688,5371 Aberg Hill,8432,30
749,Larine,Heymes,lheymesks@tiny.cc,661-459-9102,228-207-8785,767 Everett Road,8432,188
750,Val,Carlesi,vcarlesikt@xrea.com,968-631-1675,719-835-5479,545 Springview Crossing,8432,79
751,Skipp,Boulsher,sboulsherku@adobe.com,827-730-5067,718-527-3046,5037 Muir Pass,8432,1
752,Thane,Venturoli,tventurolikv@baidu.com,794-528-9263,160-254-0532,9284 Twin Pines Junction,8432,4
753,Clarine,Malec,cmaleckw@bing.com,763-682-1861,907-759-6948,772 Hallows Pass,8432,36
754,Emmy,Ivantyev,eivantyevkx@phoca.cz,182-621-8627,472-852-3657,24033 Gale Avenue,8432,126
755,Leola,Kells,lkellsky@google.pl,388-968-7677,619-148-4097,663 Lighthouse Bay Drive,69660-000,54
756,Morrie,Abramamov,mabramamovkz@purevolume.com,340-719-7027,274-183-7528,10482 Gulseth Point,371 79,192
757,Delores,Pavlenko,dpavlenkol0@eventbrite.com,349-329-0606,140-962-9080,36461 Wayridge Way,453480,178
758,Poul,Tinwell,ptinwelll1@google.pl,272-315-5636,927-330-9768,4 Valley Edge Place,8432,180
759,Paulie,Lomb,plombl2@hubpages.com,357-986-6171,116-731-5179,797 Nelson Way,3240,27
760,Jone,Bambridge,jbambridgel3@bravesites.com,781-170-9523,214-442-5924,13 Sugar Circle,8432,117
761,Ania,Caddock,acaddockl4@wikia.com,173-156-0274,977-485-1224,874 Barnett Road,6103,160
762,Winfred,Puddefoot,wpuddefootl5@tinypic.com,389-716-2325,535-611-6529,62 Transport Trail,8432,18
763,Kaylyn,von Hagt,kvonhagtl6@house.gov,120-907-6369,922-218-4249,55188 Kedzie Point,8432,59
764,Georgetta,Soots,gsootsl7@vistaprint.com,205-218-2160,867-547-6390,0 International Road,8432,119
765,Ofelia,Heyball,oheyballl8@gravatar.com,483-421-0374,716-911-6932,6354 Mccormick Parkway,8432,51
766,Ulla,Simanek,usimanekl9@sciencedaily.com,334-642-5431,238-660-0657,46794 Kipling Place,8432,52
767,Shalom,Von Der Empten,svonderemptenla@woothemes.com,619-274-7258,323-950-5704,7 Scoville Plaza,9930-425,175
768,Dorisa,Ayer,dayerlb@engadget.com,141-208-8992,809-431-1383,78497 Gateway Point,243418,33
769,Kessia,Larcher,klarcherlc@elpais.com,486-925-0810,167-858-0609,47 Kropf Court,31230,138
770,Novelia,Petrello,npetrellold@telegraph.co.uk,829-214-5849,479-677-5087,20659 Derek Lane,8432,190
771,Julian,Rumens,jrumensle@purevolume.com,162-245-8642,130-296-3712,427 Hollow Ridge Court,2615-221,13
772,Nico,Stennet,nstennetlf@google.de,614-792-2108,719-732-1458,2 Commercial Place,8432,104
773,Kincaid,Catterick,kcattericklg@mapquest.com,418-990-4160,409-209-8673,2592 Green Ridge Trail,8432,79
774,Starla,Corzon,scorzonlh@sbwire.com,317-532-1268,212-614-2148,7745 Barby Court,46295,36
775,Vincent,Cottingham,vcottinghamli@gov.uk,604-173-8577,670-501-0985,804 Nelson Road,8432,75
776,Alexandrina,Murcutt,amurcuttlj@furl.net,329-966-6464,265-859-4987,78 Kingsford Avenue,8432,20
777,Herculie,Ithell,hithelllk@lulu.com,124-175-5610,699-778-7388,7543 Maple Wood Parkway,8432,182
778,West,Audritt,waudrittll@businessinsider.com,773-839-7328,334-231-8395,468 Melody Avenue,8432,73
779,Hayden,MacInerney,hmacinerneylm@prweb.com,942-474-1521,734-888-9577,723 Lunder Junction,623850,143
780,Briano,Sillett,bsillettln@fema.gov,706-138-9138,275-164-2498,170 Oak Road,93612,38
781,Augustus,Janiak,ajaniaklo@hp.com,264-163-9113,101-834-6926,576 Northfield Pass,8432,118
782,Heather,Dunstan,hdunstanlp@scientificamerican.com,451-437-6631,361-352-0750,4189 Chive Junction,391133,15
783,Pedro,Eskrigge,peskriggelq@scientificamerican.com,661-506-6839,569-135-0881,254 Blackbird Point,3100-327,20
784,Cleveland,Schaffler,cschafflerlr@answers.com,237-911-7921,168-835-9818,0 Delladonna Crossing,H65,134
785,Orland,de Voiels,odevoielsls@salon.com,117-636-9174,463-669-2942,63 Carey Park,544 75,72
786,Ransom,Allebone,rallebonelt@google.ca,598-899-6302,937-153-0923,9182 Thackeray Circle,8432,78
787,Cherilyn,Goldsby,cgoldsbylu@bigcartel.com,288-747-8201,376-245-8109,49126 Di Loreto Drive,8432,2
788,Opalina,Hyslop,ohysloplv@com.com,988-202-5543,494-154-2883,3589 Crescent Oaks Way,5150-304,70
789,Lisetta,Bursnoll,lbursnolllw@phoca.cz,635-299-9928,967-234-3899,0970 Leroy Road,054829,104
790,Kippie,Knowlman,kknowlmanlx@elegantthemes.com,313-813-4040,805-801-7612,5328 Meadow Valley Way,85410,41
791,Addy,Laste,alastely@kickstarter.com,546-663-7503,965-620-4227,16387 Sullivan Plaza,56017,184
792,Veriee,Stemson,vstemsonlz@statcounter.com,302-903-4481,674-640-2067,1384 Maple Alley,72-022,129
793,Stan,Sammut,ssammutm0@ezinearticles.com,874-964-0111,280-180-6872,3797 Gale Park,813 91,142
794,Ripley,Lytle,rlytlem1@cafepress.com,741-928-6083,583-112-3919,6 Northport Pass,8432,179
795,Moria,Cheshir,mcheshirm2@bbb.org,329-355-3985,530-238-0111,4 Donald Drive,291 36,199
796,Niko,Stanyer,nstanyerm3@timesonline.co.uk,360-701-1954,634-379-3429,564 Upham Avenue,461369,101
797,Sile,Lettson,slettsonm4@nhs.uk,167-360-3066,839-519-2942,688 Utah Terrace,8432,132
798,Perrine,Hedde,pheddem5@businesswire.com,235-633-0263,606-309-7319,37877 Welch Junction,8432,120
799,Malvin,Dumke,mdumkem6@cdbaby.com,741-611-0250,267-712-4070,79 Shoshone Junction,2519,99
800,Rosella,Hodgin,rhodginm7@furl.net,267-270-4081,827-764-5396,9843 Bunting Junction,4203,120
801,Antonia,Kettlesting,akettlestingm8@weather.com,141-973-5019,916-565-3320,28 Welch Drive,8432,182
802,Bjorn,Bassham,bbasshamm9@china.com.cn,968-607-7146,820-587-6631,70 Morning Street,8432,20
803,Gordy,Hegel,ghegelma@bloglovin.com,625-251-3536,198-735-4565,80117 Ludington Lane,250 65,30
804,Cam,Darkin,cdarkinmb@yolasite.com,419-293-9648,813-397-9983,86184 Sherman Point,810,151
805,Iseabal,Carlesi,icarlesimc@arizona.edu,536-604-6347,206-583-8001,3708 Corry Street,83000-000,158
806,Danica,Michin,dmichinmd@amazon.co.uk,110-894-1642,765-688-4442,61244 Sunbrook Park,8432,168
807,Sydney,Paniman,spanimanme@msn.com,344-829-9435,786-763-9049,55322 Graedel Terrace,8432,148
808,Elmer,Fairfoul,efairfoulmf@springer.com,934-370-4381,322-120-9763,336 Knutson Terrace,5473,154
809,Shirley,Balser,sbalsermg@bandcamp.com,985-974-0563,167-681-6160,714 Grim Circle,8432,30
810,Casar,Sains,csainsmh@mapquest.com,936-998-8430,381-777-1539,1021 Goodland Way,9206,169
811,Traver,Garlic,tgarlicmi@ucsd.edu,707-947-8472,805-403-3821,6085 Birchwood Parkway,8501,142
812,Krista,Leacy,kleacymj@indiatimes.com,754-578-5061,922-971-2595,0 Anthes Way,8432,149
813,Steffi,Daltry,sdaltrymk@vinaora.com,100-159-9219,587-887-2527,08731 Farragut Terrace,8432,78
814,Eilis,Spurge,espurgeml@abc.net.au,823-356-5230,927-470-5347,4 Hanson Park,8432,83
815,Natal,Haslam,nhaslammm@ihg.com,260-253-4288,134-710-9875,11 Granby Terrace,8432,22
816,Haley,Gynni,hgynnimn@ed.gov,274-843-1978,694-182-2402,11 Moulton Circle,8432,195
817,Elle,Stebbings,estebbingsmo@163.com,157-503-8170,892-363-2446,48 Village Road,2540-702,101
818,Rubin,Rubbert,rrubbertmp@jalbum.net,694-453-5535,977-803-8495,30675 Alpine Road,613 22,138
819,Enoch,Stigell,estigellmq@scribd.com,614-146-9551,570-178-7945,58268 Crowley Parkway,8432,163
820,Elfie,Peres,eperesmr@chron.com,884-306-2382,752-126-3767,26642 Charing Cross Junction,8432,107
821,Arte,Van Weedenburg,avanweedenburgms@dyndns.org,866-498-9264,652-798-0441,31120 Vernon Drive,8432,156
822,Mari,Parfitt,mparfittmt@blinklist.com,354-883-1009,791-630-8580,80954 Milwaukee Hill,607572,125
823,Elvira,Simounet,esimounetmu@dot.gov,992-374-9298,238-380-5192,593 Grover Street,8432,25
824,Monica,Sowden,msowdenmv@reddit.com,759-884-8900,436-322-6011,576 Southridge Junction,8432,180
825,Kincaid,Klass,kklassmw@hugedomains.com,311-385-4310,968-571-7403,914 Fair Oaks Trail,2420,28
826,Julita,Stirland,jstirlandmx@sourceforge.net,772-267-9148,433-599-3206,50997 Vermont Court,8432,187
827,Turner,Pawlicki,tpawlickimy@icio.us,423-352-8917,730-337-0221,15890 Mariners Cove Drive,330 16,35
828,Pepi,Gumley,pgumleymz@ox.ac.uk,468-824-1568,658-215-3152,009 Saint Paul Road,8432,46
829,Delphinia,Doddemeade,ddoddemeaden0@utexas.edu,220-732-7257,458-321-9708,76779 Gerald Crossing,8432,37
830,Fidelio,Dadson,fdadsonn1@wix.com,689-810-8094,228-275-5820,7360 Northport Junction,8432,180
831,Jacqueline,Roddick,jroddickn2@4shared.com,465-483-0921,725-962-7222,8282 Prairieview Circle,8432,44
832,Carey,Knok,cknokn3@privacy.gov.au,516-641-8574,953-298-1110,95056 Dexter Avenue,366703,43
833,Cassaundra,Misken,cmiskenn4@adobe.com,990-629-9873,987-281-7193,6 Leroy Circle,11300-000,7
834,Bond,Orgen,borgenn5@wp.com,391-788-1315,673-938-0425,0 Kennedy Crossing,8432,175
835,Herold,Sultan,hsultann6@hibu.com,259-781-5243,702-481-2955,1160 Buena Vista Park,8432,186
836,Tiffani,Suero,tsueron7@berkeley.edu,631-362-8341,714-418-7049,3 Columbus Pass,58255-000,22
837,Tory,Amori,tamorin8@ustream.tv,597-405-8678,713-190-6172,46 Morning Plaza,634510,52
838,Tana,Futty,tfuttyn9@wiley.com,423-324-6227,543-323-6783,5820 Schiller Point,8432,137
839,Cathryn,Gaunt,cgauntna@jalbum.net,941-396-3174,363-705-0500,3173 Brentwood Terrace,62180,155
840,Nolan,Gainfort,ngainfortnb@1688.com,743-441-4108,544-454-4524,9 Bartelt Plaza,3800-525,75
841,Timothee,Botten,tbottennc@g.co,224-507-0615,409-772-2858,885 Westridge Street,47010,70
842,Karyn,Bellie,kbelliend@123-reg.co.uk,821-829-6972,825-246-2398,5264 5th Street,32560,45
843,Glendon,Peascod,gpeascodne@patch.com,838-947-7787,515-411-5507,93 Brentwood Crossing,8432,112
844,Annalee,Biggadike,abiggadikenf@nasa.gov,355-557-3195,453-515-8801,31384 Texas Lane,99000-000,138
845,Dane,McLucky,dmcluckyng@guardian.co.uk,475-892-1225,255-705-3885,5319 Stephen Parkway,6005,180
846,Laney,Roman,lromannh@imdb.com,596-141-9123,889-285-1210,80 Dayton Alley,8432,150
847,Joice,Marwick,jmarwickni@domainmarket.com,316-461-3042,641-173-9357,387 Amoth Hill,4905-515,107
848,Garfield,Doonican,gdoonicannj@drupal.org,785-255-1085,179-462-4432,64864 Spohn Drive,8432,139
849,Charmane,Luggar,cluggarnk@nymag.com,250-709-5879,230-267-1254,33 Express Road,8432,17
850,Barbaraanne,Tardiff,btardiffnl@wordpress.com,484-780-6463,735-991-4645,728 Declaration Junction,456440,53
851,Kenneth,Baylay,kbaylaynm@hud.gov,894-736-0314,503-404-3706,4 Esker Parkway,197730,6
852,Zenia,Brigstock,zbrigstocknn@comcast.net,889-208-3115,782-421-2540,23 Maryland Court,8432,78
853,Anna-maria,Curness,acurnessno@jalbum.net,752-836-8506,194-493-5527,0 Eliot Trail,4770-834,91
854,Fraze,Elstone,felstonenp@mapy.cz,947-438-4023,807-116-6218,8 Mitchell Circle,8432,103
855,Rivalee,Duplock,rduplocknq@behance.net,504-938-6224,282-676-7503,7 Carberry Drive,22007,181
856,Hunter,Leeson,hleesonnr@trellian.com,315-197-8951,517-927-8950,0555 Lakewood Circle,29601,74
857,Leann,Winyard,lwinyardns@usatoday.com,356-914-3181,672-338-4276,05 Lakewood Gardens Crossing,8432,168
858,Saudra,Cannicott,scannicottnt@ibm.com,895-492-7504,997-519-2156,296 Thierer Center,6185-175,123
859,Kirsteni,Saxelby,ksaxelbynu@bigcartel.com,152-726-5423,454-439-9661,31 Fallview Crossing,307156,79
860,Jacinta,Hallbird,jhallbirdnv@craigslist.org,106-365-5081,883-152-3866,0162 Messerschmidt Way,8432,108
861,Leonelle,Gordge,lgordgenw@exblog.jp,120-729-5103,590-858-0206,70440 Myrtle Center,665161,195
862,Bud,DAlesco,bdalesconx@ft.com,127-314-9404,117-358-8081,4114 Melrose Center,140074,144
863,Tani,Cutmore,tcutmoreny@ucla.edu,422-860-4812,623-343-1931,876 Brickson Park Court,511 58,50
864,Julissa,Chadderton,jchaddertonnz@salon.com,217-328-1024,826-249-1223,90 Packers Junction,4312,56
865,Raynor,Riding,rridingo0@infoseek.co.jp,877-200-6058,446-720-5790,7 Blue Bill Park Park,3155,77
866,Angelica,MacNeely,amacneelyo1@spiegel.de,374-808-7756,200-252-4791,62881 8th Pass,8432,193
867,Ogden,Edmans,oedmanso2@abc.net.au,567-208-3797,808-350-2285,6 Eliot Place,8432,34
868,Brigid,McCaughan,bmccaughano3@twitpic.com,890-154-6321,548-904-6221,6721 Ruskin Street,8432,166
869,Caroline,Slaten,cslateno4@weibo.com,109-431-1734,355-238-6021,98 Dapin Parkway,8432,38
870,Madelon,Daughtery,mdaughteryo5@g.co,192-378-4145,621-587-1547,813 Hauk Drive,45570-000,26
871,Genny,McQuarter,gmcquartero6@cafepress.com,820-406-2563,116-668-9803,35079 Atwood Park,8432,2
872,Lesya,Murrison,lmurrisono7@blogger.com,421-946-9442,692-126-4065,46007 Lillian Point,8432,179
873,Donnell,Conrard,dconrardo8@mac.com,892-988-3807,723-530-1621,8 Amoth Junction,232517,147
874,Cecilius,Riglar,criglaro9@elpais.com,739-504-6303,197-564-9125,98 Caliangt Circle,8432,70
875,Jasun,Copperwaite,jcopperwaiteoa@nbcnews.com,670-134-1535,672-254-3646,97 Hauk Drive,8432,174
876,Dolf,Hadlee,dhadleeob@weibo.com,619-674-9127,477-576-2821,22 Graceland Drive,8432,21
877,Freddy,Soames,fsoamesoc@tiny.cc,275-502-2670,354-213-2986,38 Oriole Alley,8432,173
878,Laughton,McLucas,lmclucasod@bbb.org,410-324-6618,623-315-5929,35119 Alpine Pass,8432,25
879,Gil,Fidelus,gfidelusoe@canalblog.com,991-688-2919,755-537-0271,87 Sundown Road,8432,76
880,Talya,Olorenshaw,tolorenshawof@icq.com,944-558-0795,816-725-9515,10416 Brickson Park Point,93164 CEDEX,191
881,Coletta,Stode,cstodeog@java.com,545-280-3159,218-567-7012,045 Park Meadow Drive,8432,85
882,Chicky,Triggle,ctriggleoh@yellowbook.com,851-366-8226,218-649-5506,82 Pleasure Center,63180-000,69
883,Rasia,Simukov,rsimukovoi@xing.com,764-197-3463,131-336-2708,3835 Columbus Pass,8432,55
884,Kania,Wrintmore,kwrintmoreoj@ihg.com,458-741-1795,739-360-4835,1 Lakewood Gardens Crossing,8432,186
885,Mikol,Petcher,mpetcherok@sciencedaily.com,813-926-3946,181-330-6778,2 Sunbrook Parkway,988-0057,155
886,Isabelita,Coggins,icogginsol@liveinternet.ru,160-175-2755,667-748-6948,17443 Reinke Street,8432,8
887,Melisenda,Ogdahl,mogdahlom@addthis.com,198-333-5743,883-709-3027,2798 Sommers Place,178057,75
888,Kate,Fallow,kfallowon@buzzfeed.com,684-988-0555,306-157-6295,90928 Melby Point,8432,146
889,Robbert,Sawers,rsawersoo@artisteer.com,363-734-8866,518-243-5633,8 Emmet Park,8432,113
890,Peder,Hutchinson,phutchinsonop@barnesandnoble.com,718-361-7407,512-194-8469,0 Kipling Parkway,442680,115
891,Ortensia,Kunzelmann,okunzelmannoq@myspace.com,152-591-6286,466-554-6033,58072 Summerview Road,8432,22
892,Gabriello,Chansonne,gchansonneor@jugem.jp,923-294-4470,836-833-6666,3981 Arrowood Terrace,8432,65
893,Clarinda,Bembrick,cbembrickos@google.co.uk,355-295-2495,427-867-9746,9148 Bultman Terrace,6711,35
894,Bo,Frome,bfromeot@loc.gov,121-614-5945,726-851-3542,956 Carioca Trail,281 21,161
895,Rollins,Swithenby,rswithenbyou@blog.com,535-259-3644,127-608-2723,9 Warner Lane,303720,151
896,Lavinia,Gurden,lgurdenov@telegraph.co.uk,645-336-1083,243-496-0620,24 Bayside Alley,8432,63
897,Amandy,Falkner,afalknerow@yellowbook.com,519-643-3133,108-453-7507,2890 Forest Run Alley,7040,98
898,Spence,Sire,ssireox@dmoz.org,828-820-2341,334-647-6963,39 Division Road,95100,75
899,Bealle,Whalley,bwhalleyoy@imageshack.us,517-482-1701,693-518-0605,13 Oak Lane,45545-000,5
900,Emelia,Bouts,eboutsoz@slate.com,587-359-9479,719-151-6143,311 Moland Trail,8432,188
901,Tonia,Andreaccio,tandreacciop0@fc2.com,665-208-3595,823-919-5047,048 Duke Pass,932 33,187
902,Claudia,Pontin,cpontinp1@imageshack.us,686-614-8465,863-733-0657,493 High Crossing Center,2812,14
903,Janeva,MacCahee,jmaccaheep2@xing.com,908-547-2689,666-843-3899,76 Anhalt Center,8432,100
904,Rudy,Renfrew,rrenfrewp3@yahoo.com,376-372-1524,383-306-3385,4 Green Ridge Junction,11140,136
905,Emily,Leverton,elevertonp4@cnn.com,663-367-9768,239-270-6798,42 Morning Street,8432,175
906,Ginnie,Sawle,gsawlep5@jigsy.com,308-612-1911,909-527-3119,2 Garrison Place,8432,104
907,Etienne,Killingbeck,ekillingbeckp6@reverbnation.com,148-598-6698,710-687-2984,14984 Rieder Plaza,397243,97
908,Elisha,Peasey,epeaseyp7@engadget.com,174-552-9606,984-912-1007,6801 Di Loreto Center,789 74,169
909,Adeline,Kubica,akubicap8@weibo.com,744-856-8306,558-403-2618,5458 Maryland Center,20170,118
910,Aharon,O Donohoe,aodonohoep9@psu.edu,701-152-6960,474-594-7500,8 Elka Crossing,8432,43
911,Adel,Napper,anapperpa@jugem.jp,309-643-5755,387-866-9302,9340 Birchwood Point,21-080,43
912,Say,Subhan,ssubhanpb@networksolutions.com,523-109-0800,991-696-6545,51 Corben Plaza,8432,49
913,Jelene,Lesor,jlesorpc@adobe.com,170-283-8447,311-452-9828,9 Delladonna Drive,8432,91
914,Natividad,Alberts,nalbertspd@g.co,281-167-2392,424-703-6067,95057 Cambridge Circle,37900,3
915,Laraine,Exell,lexellpe@163.com,307-622-8459,678-770-7038,997 Schiller Drive,35930-000,76
916,Tiphani,Bernollet,tbernolletpf@google.co.uk,640-791-4129,772-687-9627,6 Heffernan Crossing,8432,169
917,Kasey,Senter,ksenterpg@gov.uk,750-819-7231,845-212-3565,188 Rigney Drive,8432,14
918,Pierrette,Aikenhead,paikenheadph@bloglovin.com,766-895-7580,119-138-6357,3 Darwin Avenue,8432,57
919,Kerwin,Lates,klatespi@bbb.org,903-712-7993,971-862-1128,9 Kings Alley,G8J,149
920,Augusta,Iacomettii,aiacomettiipj@adobe.com,679-869-7170,409-470-2453,3 Hoepker Point,6010,193
921,Roberta,Hartshorn,rhartshornpk@tmall.com,978-374-3197,856-472-2154,5861 Waubesa Place,32900-000,62
922,Therese,Deakes,tdeakespl@e-recht24.de,667-486-7047,721-473-3001,4956 Fordem Hill,69001,18
923,Sandie,Stones,sstonespm@simplemachines.org,874-954-7177,430-575-6369,73 Lakewood Pass,8432,68
924,Stillmann,Mcettrick,smcettrickpn@java.com,636-540-5808,277-742-4872,4569 Buena Vista Park,8432,90
925,Skip,Panks,spankspo@twitpic.com,803-154-1928,466-167-5401,804 La Follette Alley,8432,116
926,Nessy,Cavill,ncavillpp@issuu.com,990-758-3115,712-483-7286,235 Norway Maple Plaza,8432,52
927,Melisse,Lilleycrop,mlilleycroppq@wordpress.com,691-698-7298,497-580-3423,43248 Eastwood Place,8432,55
928,Nicky,Shillitoe,nshillitoepr@youku.com,530-285-1394,697-702-6893,0 Fulton Park,8432,123
929,Juliet,Kennaird,jkennairdps@flickr.com,664-646-1605,695-209-4930,65 Stephen Center,E9H,142
930,Darcy,Huddleston,dhuddlestonpt@vkontakte.ru,470-873-4748,345-558-5861,9 Oak Trail,8432,122
931,Leese,Whitlock,lwhitlockpu@meetup.com,271-591-1260,326-350-2535,41337 Village Green Center,8432,146
932,Fanny,Vanichkin,fvanichkinpv@accuweather.com,465-933-6617,965-603-8543,29 Lillian Road,88759,103
933,Laurie,Barrar,lbarrarpw@cdc.gov,213-219-2837,800-109-1755,10 Sugar Terrace,462159,126
934,Deb,Cicchelli,dcicchellipx@mapquest.com,516-968-2197,332-661-0453,00033 Dahle Junction,8432,96
935,Jere,Gatchell,jgatchellpy@gov.uk,921-344-2566,562-540-6780,050 Cody Place,30001,193
936,Kain,Wardall,kwardallpz@washingtonpost.com,603-393-4509,352-460-3225,389 School Junction,8432,197
937,Gearalt,Giacopazzi,ggiacopazziq0@google.ca,502-582-5042,862-387-8038,1178 Lake View Junction,8432,134
938,Barron,Sailor,bsailorq1@webmd.com,353-457-2355,698-915-8223,6450 Corry Point,433913,25
939,Idalia,Mac Geaney,imacgeaneyq2@cafepress.com,682-405-7227,407-240-4811,081 Badeau Point,5234,128
940,Irena,Rosenbush,irosenbushq3@dailymotion.com,816-794-6739,827-796-4911,44636 Briar Crest Road,4431,166
941,Annabelle,Calverd,acalverdq4@virginia.edu,643-907-2822,774-127-9750,95 Red Cloud Junction,8432,170
942,Danielle,Stickins,dstickinsq5@sun.com,694-544-6142,719-990-1154,9 Marcy Court,56190,175
943,Molly,Eatherton,meathertonq6@amazonaws.com,144-657-2303,288-774-9570,82 Ronald Regan Avenue,8432,10
944,Ernesta,Caffery,ecafferyq7@51.la,453-435-4437,422-726-7519,7276 Warner Way,8432,171
945,Zacherie,McCromley,zmccromleyq8@illinois.edu,857-349-2194,507-775-9143,318 Sage Way,8432,61
946,Laverne,Leif,lleifq9@oaic.gov.au,785-739-7808,647-825-7708,363 Delaware Terrace,68069 CEDEX 2,56
947,Julie,Kynman,jkynmanqa@economist.com,838-465-6138,340-483-8048,4331 Macpherson Lane,8432,161
948,Clovis,McGrath,cmcgrathqb@posterous.com,569-271-0592,799-974-9181,5889 Straubel Trail,8432,35
949,Pippy,Grelka,pgrelkaqc@zimbio.com,562-584-1135,683-496-4693,8 Corscot Drive,8432,63
950,Rodina,Perassi,rperassiqd@arizona.edu,706-660-3320,292-468-3624,39 Tomscot Center,8432,189
951,Bendite,Davydzenko,bdavydzenkoqe@cdc.gov,584-696-0849,706-569-1186,171 Stephen Crossing,309311,128
952,Hilliary,Garmston,hgarmstonqf@cbslocal.com,171-959-9487,657-388-2570,43 Fieldstone Terrace,273 06,75
953,Otis,Matschoss,omatschossqg@t.co,266-382-7045,845-928-9121,11291 Judy Hill,8432,149
954,Shelden,Barham,sbarhamqh@about.me,624-164-1441,626-158-3335,2 Westend Center,H9J,52
955,Miltie,Zanitti,mzanittiqi@istockphoto.com,128-489-0191,888-815-3556,90 Tony Crossing,8432,46
956,Lena,Armand,larmandqj@pinterest.com,995-329-3748,809-591-1262,9011 Tennessee Point,664 56,61
957,Darn,Lohoar,dlohoarqk@foxnews.com,950-523-2555,290-600-4410,4635 Darwin Place,0159,6
958,Tammi,Jozaitis,tjozaitisql@diigo.com,229-316-0855,172-552-8208,27 Eggendart Center,291 21,159
959,Jack,Osbaldeston,josbaldestonqm@linkedin.com,350-313-2667,721-751-7459,2 Forest Pass,8432,162
960,Devlin,Wisbey,dwisbeyqn@army.mil,781-450-2674,749-776-4635,59993 Beilfuss Street,8432,55
961,Marlene,Forgie,mforgieqo@simplemachines.org,485-878-5717,928-637-6866,28909 Ridge Oak Parkway,M5L,55
962,Russ,Bruneton,rbrunetonqp@cornell.edu,380-460-2471,145-263-2207,6 Prentice Road,8432,187
963,Rana,Swale,rswaleqq@deviantart.com,315-758-3193,755-194-2972,57 Maple Place,8432,121
964,Danila,Arents,darentsqr@sciencedirect.com,896-271-3192,435-985-7488,85965 Dovetail Alley,242 30,54
965,Barton,Albury,balburyqs@tiny.cc,757-489-4048,177-233-6004,0420 Weeping Birch Hill,8432,126
966,Bevon,Blueman,bbluemanqt@nymag.com,798-795-9557,648-552-9501,5356 Oakridge Parkway,8432,176
967,Hermie,Wayland,hwaylandqu@army.mil,281-438-0567,872-576-7467,21629 Holmberg Drive,8427,3
968,Karmen,Hablet,khabletqv@dell.com,370-119-4617,843-642-6559,40 Briar Crest Park,2420-334,71
969,Dora,Yewdale,dyewdaleqw@360.cn,209-533-4679,920-644-1687,59416 Cambridge Lane,95210,168
970,Kareem,Potkin,kpotkinqx@dot.gov,884-469-8527,371-404-2718,24262 Mosinee Avenue,461173,111
971,Floyd,Slatter,fslatterqy@chron.com,956-196-7137,259-721-1224,5156 Jay Crossing,P5N,152
972,Fowler,Obey,fobeyqz@meetup.com,528-182-3944,433-204-4898,36 Cody Hill,18351,6
973,Bert,Harnott,bharnottr0@alexa.com,488-445-9721,608-843-4904,21803 Farragut Park,8432,143
974,Townie,Ghelardi,tghelardir1@huffingtonpost.com,202-725-5013,809-212-1327,53 Myrtle Trail,20380,90
975,Rene,Seeborne,rseeborner2@t.co,909-743-9606,298-884-1363,504 Novick Terrace,051847,142
976,Charis,Tichner,ctichnerr3@flickr.com,457-757-2544,204-984-9970,9 Haas Parkway,8432,140
977,Ashley,Murrison,amurrisonr4@baidu.com,327-772-0527,186-768-4718,2381 Troy Place,959-2612,15
978,Jayme,Bullivent,jbulliventr5@barnesandnoble.com,828-703-9491,419-411-8968,27 Homewood Hill,999-5203,149
979,Chrisy,Quiddington,cquiddingtonr6@skyrock.com,313-801-3640,953-964-6331,5 Victoria Drive,T7A,179
980,Kendricks,Liptrod,kliptrodr7@vistaprint.com,901-298-1818,291-158-2916,15349 Hollow Ridge Crossing,8432,14
981,Mady,Wiggett,mwiggettr8@yellowbook.com,482-268-5634,371-429-2410,0 Sugar Avenue,8432,68
982,Eberhard,Ullett,eullettr9@about.com,664-188-3005,282-591-3575,91343 Butternut Way,8432,189
983,Daryl,Klossmann,dklossmannra@go.com,390-689-1269,300-127-2062,2095 Shasta Center,7037,73
984,Jen,Stimson,jstimsonrb@blogs.com,714-881-0867,455-740-5117,986 Golf View Pass,8432,133
985,Karlens,Jiroutek,kjiroutekrc@behance.net,198-315-2374,831-684-3454,90013 Meadow Valley Place,203-0044,40
986,Jena,Birchwood,jbirchwoodrd@comcast.net,427-244-3549,443-847-9960,58 Mandrake Crossing,8432,160
987,Olga,McCague,omccaguere@unesco.org,239-480-0545,254-378-2481,142 Anniversary Center,938-0043,45
988,Clayton,Chestle,cchestlerf@google.ru,648-591-2358,682-924-5874,958 Oakridge Circle,4620-931,38
989,Tremain,Monkeman,tmonkemanrg@unblog.fr,121-413-7356,279-462-3195,97 Northridge Court,8432,48
990,Amble,Woolsey,awoolseyrh@yahoo.co.jp,605-718-6970,363-952-1619,14 Northport Lane,8432,116
991,Johny,Blackboro,jblackborori@goo.ne.jp,216-918-4417,731-876-9160,71911 Bluestem Point,62-090,14
992,Amelia,Folker,afolkerrj@purevolume.com,815-804-1038,850-269-8830,57870 Merrick Hill,353769,144
993,Seth,Arnaudot,sarnaudotrk@biblegateway.com,161-491-1861,163-878-9656,4 Texas Alley,334 80,28
994,Lucio,Farrier,lfarrierrl@unicef.org,563-915-7405,819-503-6034,20339 Vahlen Alley,8432,152
995,Raffarty,Popham,rpophamrm@acquirethisname.com,843-454-2527,742-978-1620,409 Dwight Hill,8432,103
996,Benjy,Parramore,bparramorern@mtv.com,929-277-2381,955-690-1676,523 Veith Park,8432,184
997,Shirline,Bleasdale,sbleasdalero@surveymonkey.com,260-480-3432,756-839-3199,20842 Leroy Road,10250,34
998,Maria,Stieger,mstiegerrp@narod.ru,775-899-8437,952-852-3936,60059 Columbus Plaza,5206,157
999,Jacquetta,Dabell,jdabellrq@diigo.com,341-451-1062,652-822-1866,7289 Memorial Lane,6806,189
1000,Rosalyn,Glassborow,rglassborowrr@wunderground.com,772-226-7219,845-389-8618,36 Hayes Pass,8432,48